DisNo.	Historic	Classification Key	Disaster Group	Disaster Subgroup	Disaster Type	Disaster Subtype	External IDs	Event Name	ISO	Country	Subregion	Region	Location	Origin	Associated Types	OFDA/BHA Response	Appeal	Declaration	'AID Contribution (''000 US$)'	Magnitude	Magnitude Scale	Latitude	Longitude	River Basin	Start Year	Start Month	Start Day	End Year	End Month	End Day	Total Deaths	No. Injured	No. Affected	No. Homeless	Total Affected	'Reconstruction Costs (''000 US$)'	'Reconstruction Costs, Adjusted (''000 US$)'	'Insured Damage (''000 US$)'	'Insured Damage, Adjusted (''000 US$)'	'Total Damage (''000 US$)'	'Total Damage, Adjusted (''000 US$)'	CPI	Admin Units	Entry Date	Last Update
2000-0749-PNG	No	nat-geo-ear-gro	Natural	Geophysical	Earthquake	Ground movement	USGS:usp000a3qq		PNG	Papua New Guinea	Melanesia	Oceania	Duke of York island (Kokopo district, East New Britain province), New Ireland, Northern Solomons provinces		Tsunami/Tidal wave	No	No	No		8	Moment Magnitude	-3.98	152.169		2000	11	16	2000	11	16	2			5000	5000							54.8951519735366	[{"adm1_code":2302,"adm1_name":"New Ireland"},{"adm1_code":2304,"adm1_name":"Northern Solomons"},{"adm2_code":37482,"adm2_name":"Kokopo"}]	2014-02-25	2023-09-25
2001-0093-VUT	No	nat-met-sto-tro	Natural	Meteorological	Storm	Tropical cyclone		Paula	VUT	Vanuatu	Melanesia	Oceania	Malukulan Ambrym, Paama, Lopevi islands (Malampa province), Efate, Shepherd islands (Shefa province)			No	No	No		200	Kph				2001	2	28	2001	2	28	1											56.4465763547356	[{"adm1_code":3296,"adm1_name":"Malampa"},{"adm1_code":3299,"adm1_name":"Shefa"}]	2003-07-01	2023-09-25
2001-0143-VUT	No	nat-met-sto-tro	Natural	Meteorological	Storm	Tropical cyclone		Sose	VUT	Vanuatu	Melanesia	Oceania	Santo island (Sanma province), Malekula island (Malampa province), Ambae island (Penama province), Shepherd, Efate island (Shefa province), Erromango, Tanna, Anatom island (Tafea province),			No	No	No		100	Kph				2001	4	7	2001	4	7	1		505	295	800							56.4465763547356	[{"adm1_code":3296,"adm1_name":"Malampa"},{"adm1_code":3297,"adm1_name":"Penama"},{"adm1_code":3298,"adm1_name":"Sanma"},{"adm1_code":3299,"adm1_name":"Shefa"},{"adm1_code":3300,"adm1_name":"Tafea"}]	2003-07-01	2023-09-25
2001-0254-VUT	No	nat-geo-vol-ash	Natural	Geophysical	Volcanic activity	Ash fall		Lopevi	VUT	Vanuatu	Melanesia	Oceania	Paama island (Malampa province)			No	No	No				-16.507	168.346		2001	6	8	2001	6	8			4500		4500							56.4465763547356	[{"adm2_code":31850,"adm2_name":"Administrative unit not available"}]	2005-06-01	2023-09-25
2001-0274-WSM	No	nat-hyd-flo-fla	Natural	Hydrological	Flood	Flash flood			WSM	Samoa	Polynesia	Oceania	Lepea, Moatta, Falifa, Siumu areas			No	No	No			Km2				2001	4	15	2001	4	15										1500	2657	56.4465763547356	[{"adm1_code":2618,"adm1_name":"Administrative unit not available"}]	2003-07-01	2023-09-25
2001-0345-PNG	No	nat-geo-ear-gro	Natural	Geophysical	Earthquake	Ground movement	USGS:usp000ag32		PNG	Papua New Guinea	Melanesia	Oceania	Mumeng district (Morobe province)		Slide (land, mud, snow, rock)	No	No	No		6.4	Moment Magnitude	-6.884	146.388		2001	6	5	2001	6	5		1		200	201							56.4465763547356	[{"adm2_code":37525,"adm2_name":"Mumeng"}]	2008-05-08	2023-09-25
2001-0659-COK	No	nat-met-sto-tro	Natural	Meteorological	Storm	Tropical cyclone		Trina	COK	Cook Islands	Polynesia	Oceania	Rarotonga, Avarua, Mangaia islands			No	No	No	24	130	Kph				2001	12	2	2001	12	2			744		744							56.4465763547356	[{"adm1_code":980,"adm1_name":"Administrative unit not available"}]	2003-07-01	2023-09-25
2001-0711-TON	No	nat-met-sto-tro	Natural	Meteorological	Storm	Tropical cyclone		Waka	TON	Tonga	Polynesia	Oceania	'Vava''u, Niuafo''ou islands (Tonga province)'			Yes	No	No	868	260	Kph				2001	12	31	2001	12	31			16500		16500					51300	90882	56.4465763547356	[{"adm1_code":2976,"adm1_name":"Administrative unit not available"}]	2005-04-19	2023-09-25
2002-0002-VUT	No	nat-geo-ear-gro	Natural	Geophysical	Earthquake	Ground movement	USGS:usp000avpw		VUT	Vanuatu	Melanesia	Oceania	Port Vila city (Shefa province)		Slide (land, mud, snow, rock)	No	No	No		7.2	Moment Magnitude	-17.6	167.856		2002	1	3	2002	1	3			500		500							57.3418401540778	[{"adm2_code":31853,"adm2_name":"Administrative unit not available"}]	2004-03-24	2025-03-14
2002-0070-PNG	No	nat-geo-ear-gro	Natural	Geophysical	Earthquake	Ground movement	USGS:usp000aw5z		PNG	Papua New Guinea	Melanesia	Oceania	Aitape district (West Sepik province)			No	No	No		6.7	Moment Magnitude	-3.212	142.427		2002	1	10	2002	1	10	1			1000	1000							57.3418401540778	[{"adm2_code":37557,"adm2_name":"Aitape"}]	2003-09-04	2023-09-25
2002-0126-FSM	No	nat-met-sto-tro	Natural	Meteorological	Storm	Tropical cyclone		Mitag	FSM	Micronesia (Federated States of)	Micronesia	Oceania	Yap Island (Micronesia province)		Surge	No	No	Yes		212	Kph				2002	3	3	2002	3	3				175	175							57.3418401540778	[{"adm1_code":2060,"adm1_name":"Administrative unit not available"}]	2005-05-09	2023-09-25
2002-0190-PNG	No	nat-hyd-mmw-lan	Natural	Hydrological	Mass movement (wet)	Landslide (wet)			PNG	Papua New Guinea	Melanesia	Oceania	Wantoat village (Markham area, Kaiapit district, Morobe province)			No	No	No							2002	4	2	2002	4	2	36	11	163		174							57.3418401540778	[{"adm2_code":37522,"adm2_name":"Kaiapit"}]	2003-07-01	2023-09-25
2002-0397-FSM	No	nat-met-sto-tro	Natural	Meteorological	Storm	Tropical cyclone		'Chata''an'	FSM	Micronesia (Federated States of)	Micronesia	Oceania	Weno, Tonoas, Fefan, Udot, Uman, Siis villages (Chuuk island, Micronesia province)			No	No	No	138	112	Kph				2002	7	1	2002	7	1	47	148	1300		1448					500	872	57.3418401540778	[{"adm1_code":2060,"adm1_name":"Administrative unit not available"}]	2005-04-19	2023-09-25
2002-0432-GUM	No	nat-met-sto-tro	Natural	Meteorological	Storm	Tropical cyclone		'Chata''an'	GUM	Guam	Micronesia	Oceania	Guam province			No	No	No		177	Kph				2002	7	5	2002	7	5			4044		4044					60000	104636	57.3418401540778	[{"adm1_code":1359,"adm1_name":"Administrative unit not available"}]	2003-07-01	2023-09-25
2002-0492-PNG	No	nat-geo-vol-ash	Natural	Geophysical	Volcanic activity	Ash fall		Mt Pago	PNG	Papua New Guinea	Melanesia	Oceania	Kimbe district (West New Britain province)			No	No	No	1180						2002	7	2	2002	7	2			13000		13000							57.3418401540778	[{"adm2_code":37556,"adm2_name":"Kimbe"}]	2014-07-28	2023-09-25
2002-0577-PNG	No	nat-geo-ear-gro	Natural	Geophysical	Earthquake	Ground movement	USGS:usp000bbpf		PNG	Papua New Guinea	Melanesia	Oceania	Wewak district (East Sepik province)		Tsunami/Tidal wave	No	No	No	53	7.6	Moment Magnitude	-3.302	142.945		2002	9	8	2002	9	8	4	70	4400		4470							57.3418401540778	[{"adm2_code":37488,"adm2_name":"Wewak"}]	2005-04-19	2023-09-25
2002-0753-GUM	No	nat-met-sto-tro	Natural	Meteorological	Storm	Tropical cyclone		Pongsona	GUM	Guam	Micronesia	Oceania	Guam province			No	No	No		180	Kph				2002	12	8	2002	12	8	1		6000	5100	11100					70000	122075	57.3418401540778	[{"adm1_code":1359,"adm1_name":"Administrative unit not available"}]	2003-07-01	2023-09-25
2002-0770-VUT	No	nat-geo-ear-gro	Natural	Geophysical	Earthquake	Ground movement	USGS:usp000bjhn		VUT	Vanuatu	Melanesia	Oceania	Merelava island (Torba province)		Slide (land, mud, snow, rock)	No	No	No		5.9	Moment Magnitude	-14.49	167.827		2002	11	27	2002	11	27		3	500		503							57.3418401540778	[{"adm2_code":31855,"adm2_name":"Administrative unit not available"}]	2003-07-01	2023-09-25
2002-0811-SLB	No	nat-met-sto-tro	Natural	Meteorological	Storm	Tropical cyclone		Zoe	SLB	Solomon Islands	Melanesia	Oceania	Tikopia, Fataka, Anuta islands (Temotu area, Solomon Islands province)		Surge	Yes	No	Yes	584		Kph				2002	12	28	2002	12	29		10		1100	1110							57.3418401540778	[{"adm1_code":2687,"adm1_name":"Administrative unit not available"}]	2005-04-13	2023-11-10
2002-0826-MNP	No	nat-met-sto-tro	Natural	Meteorological	Storm	Tropical cyclone		Pongsona	MNP	Northern Mariana Islands	Micronesia	Oceania	Saipan, Rota islands (Northern Mariana Islands province)			No	No	No			Kph				2002	12	8	2002	12	8				300	300							57.3418401540778	[{"adm1_code":2243,"adm1_name":"Administrative unit not available"}]	2010-03-25	2023-09-25
2002-0829-VUT	No	nat-hyd-flo-riv	Natural	Hydrological	Flood	Riverine flood			VUT	Vanuatu	Melanesia	Oceania	Tafea province	Heavy rain		No	No	No	26	146	Km2				2002	12	21	2002	12	25		1	3000		3001							57.3418401540778	[{"adm1_code":3300,"adm1_name":"Tafea"}]	2005-09-26	2023-09-25
2003-0024-FJI	No	nat-met-sto-tro	Natural	Meteorological	Storm	Tropical cyclone		Ami	FJI	Fiji	Melanesia	Oceania	Northern, Eastern, Western provinces		Slide (land, mud, snow, rock)|Surge	Yes	Yes	Yes	2254	150	Kph				2003	1	14	2003	1	14	17		30000		30000					30000	51157	58.6435529778532	[{"adm1_code":40188,"adm1_name":"Eastern"},{"adm1_code":40189,"adm1_name":"Northern"},{"adm1_code":40190,"adm1_name":"Western"}]	2005-04-13	2023-09-25
2003-0057-SLB	No	nat-met-sto-tro	Natural	Meteorological	Storm	Tropical cyclone		Beni	SLB	Solomon Islands	Melanesia	Oceania	Rennell, Bellona islands (Solomon Islands province)			No	No	No		110	Kph				2003	1	26	2003	1	28			275		275							58.6435529778532	[{"adm1_code":2687,"adm1_name":"Administrative unit not available"}]	2003-09-02	2023-09-25
2003-0135-NCL	No	nat-met-sto-tro	Natural	Meteorological	Storm	Tropical cyclone		Erica	NCL	New Caledonia	Melanesia	Oceania	Noumea, Bourail areas (South region), Kone area (North region)			No	No	No	300	200	Kph				2003	3	13	2003	3	13	2	100		1000	1100					40000	68209	58.6435529778532	[{"adm1_code":2170,"adm1_name":"Administrative unit not available"}]	2005-04-13	2023-09-25
2003-0208-PNG	No	nat-hyd-mmw-lan	Natural	Hydrological	Mass movement (wet)	Landslide (wet)			PNG	Papua New Guinea	Melanesia	Oceania	Southern Highlands province	Heavy rains		No	No	No							2003	5	3	2003	5	3	13	21			21							58.6435529778532	[{"adm1_code":2305,"adm1_name":"Southern Highlands"}]	2003-10-08	2023-09-25
2003-0224-MNP	No	nat-geo-vol-ash	Natural	Geophysical	Volcanic activity	Ash fall		Mt Anatahan	MNP	Northern Mariana Islands	Micronesia	Oceania	Anatahan island (Administrative unit not available province)			No	No	Yes							2003	5	10	2003	5	10												58.6435529778532	[{"adm1_code":2243,"adm1_name":"Administrative unit not available"}]	2003-10-08	2023-09-25
2003-0287-ASM	No	nat-hyd-flo-fla	Natural	Hydrological	Flood	Flash flood			ASM	American Samoa	Polynesia	Oceania	Pago pago, Fagatogo areas (Administrative unit not available province)	Heavy rains	Slide (land, mud, snow, rock)	No	No	Yes		174	Km2				2003	5	18	2003	5	19	6	3			3					50000	85261	58.6435529778532	[{"adm1_code":389,"adm1_name":"Administrative unit not available"}]	2004-01-22	2023-09-25
2003-0314-SLB	No	nat-met-sto-tro	Natural	Meteorological	Storm	Tropical cyclone		Gina	SLB	Solomon Islands	Melanesia	Oceania	Faea, Ravenga areas (Tikopia island, Solomon Islands province)		Slide (land, mud, snow, rock)	No	No	No		111	Kph				2003	6	5	2003	6	5				150	150							58.6435529778532	[{"adm1_code":2687,"adm1_name":"Administrative unit not available"}]	2003-07-01	2023-09-25
2003-0386-PNG	No	nat-hyd-mmw-lan	Natural	Hydrological	Mass movement (wet)	Landslide (wet)			PNG	Papua New Guinea	Melanesia	Oceania	Namatanai, Konos districts (New Ireland province)	Torrential rains		No	No	No							2003	8	1	2003	8	1			600		600							58.6435529778532	[{"adm2_code":37530,"adm2_name":"Konos"},{"adm2_code":37533,"adm2_name":"Namatanai"}]	2003-08-11	2023-09-25
2003-0577-FSM	No	nat-met-sto-tro	Natural	Meteorological	Storm	Tropical cyclone		Lupit	FSM	Micronesia (Federated States of)	Micronesia	Oceania	Ulithi Atoll, Woleai Atoll, Fais Island, Rumung Island, Yap Island areas (Micronesia province)			No	Yes	Yes	10	240	Kph				2003	11	21	2003	11	25				1000	1000							58.6435529778532	[{"adm1_code":2060,"adm1_name":"Administrative unit not available"}]	2005-04-13	2023-09-25
2004-0004-ASM	No	nat-met-sto-tro	Natural	Meteorological	Storm	Tropical cyclone	GLIDE:ST-2004-000004	Heta	ASM	American Samoa	Polynesia	Oceania	American Samoa			No	No	Yes		310	Kph				2004	1	5	2004	1	5		60	20000	3000	23060					150000	249113	60.2135797329328	[{"adm1_code":389,"adm1_name":"Administrative unit not available"}]	2005-07-28	2025-03-04
2004-0004-NIU	No	nat-met-sto-tro	Natural	Meteorological	Storm	Tropical cyclone	GLIDE:ST-2004-000004	Heta	NIU	Niue	Polynesia	Oceania	Alofi area (Niue province)			No	No	No		300	Kph				2004	1	6	2004	1	6	1	2	200	500	702					40000	66430	60.2135797329328	[{"adm1_code":2241,"adm1_name":"Administrative unit not available"}]	2004-01-08	2025-03-04
2004-0004-TON	No	nat-met-sto-tro	Natural	Meteorological	Storm	Tropical cyclone	GLIDE:ST-2004-000004	Heta	TON	Tonga	Polynesia	Oceania	Tafahi, Nuiatoputapu islands (Tonga province)			No	No	No			Kph				2004	1	6	2004	1	6												60.2135797329328	[{"adm1_code":2976,"adm1_name":"Administrative unit not available"}]	2004-01-13	2025-03-04
2004-0004-WSM	No	nat-met-sto-tro	Natural	Meteorological	Storm	Tropical cyclone	GLIDE:ST-2004-000004	Heta	WSM	Samoa	Polynesia	Oceania	Savaii, Upolu islands (Samoa province)		Flood|Surge	No	No	Yes		310	Kph				2004	1	5	2004	1	5	1											60.2135797329328	[{"adm1_code":2618,"adm1_name":"Administrative unit not available"}]	2004-01-16	2025-03-04
2004-0080-VUT	No	nat-met-sto-tro	Natural	Meteorological	Storm	Tropical cyclone		Ivy (P13)	VUT	Vanuatu	Melanesia	Oceania	Malekula, Ambrym, Paama islands (Malampa province), Epi, Shepard islands (Shefa province), Ambae, Maevo islands (Penama province), Erromango, Tanna islands (Tafea province)		Rain|Slide (land, mud, snow, rock)	Yes	No	No	123	190	Kph				2004	2	25	2004	2	27	2	8	54000		54008							60.2135797329328	[{"adm1_code":3296,"adm1_name":"Malampa"},{"adm1_code":3297,"adm1_name":"Penama"},{"adm1_code":3299,"adm1_name":"Shefa"},{"adm1_code":3300,"adm1_name":"Tafea"}]	2005-12-01	2023-09-25
2004-0104-PNG	No	nat-hyd-flo-riv	Natural	Hydrological	Flood	Riverine flood			PNG	Papua New Guinea	Melanesia	Oceania	Western Highlands, Chimbu provinces	Heavy rains	Slide (land, mud, snow, rock)	No	No	No		2000	Km2			Waghi, Komon, Minj, Tuman, Kane, Boko	2004	3	5	2004	3	9			10000		10000							60.2135797329328	[{"adm1_code":2291,"adm1_name":"Chimbu"},{"adm1_code":2309,"adm1_name":"Western Highlands"}]	2004-04-14	2023-09-25
2004-0150-FSM	No	nat-met-sto-tro	Natural	Meteorological	Storm	Tropical cyclone		Cosme (Sudal/03W)	FSM	Micronesia (Federated States of)	Micronesia	Oceania	Yap area (Micronesia province)		Surge	No	No	Yes	7494	240	Kph				2004	4	3	2004	4	18	1	8	6000		6008							60.2135797329328	[{"adm1_code":2060,"adm1_name":"Administrative unit not available"}]	2006-05-04	2023-09-25
2004-0153-FJI	No	nat-met-sto-tro	Natural	Meteorological	Storm	Tropical cyclone			FJI	Fiji	Melanesia	Oceania	Central, Western, Northern provinces		Flood|Slide (land, mud, snow, rock)	No	No	No		90	Kph				2004	4	8	2004	4	8	16		5000		5000					4000	6643	60.2135797329328	[{"adm1_code":40187,"adm1_name":"Central"},{"adm1_code":40189,"adm1_name":"Northern"},{"adm1_code":40190,"adm1_name":"Western"}]	2004-04-14	2023-09-25
2004-0294-FJI	No	nat-hyd-flo-fla	Natural	Hydrological	Flood	Flash flood			FJI	Fiji	Melanesia	Oceania	Central, Western provinces	Torrential rains	Slide (land, mud, snow, rock)	No	No	No			Km2				2004	6	5	2004	6	5			600		600							60.2135797329328	[{"adm1_code":40187,"adm1_name":"Central"},{"adm1_code":40190,"adm1_name":"Western"}]	2004-07-01	2023-09-25
2004-0312-GUM	No	nat-met-sto-tro	Natural	Meteorological	Storm	Tropical cyclone		Tingting	GUM	Guam	Micronesia	Oceania	Agat, Merizo, Barrigada, Mangilao areas (Guam province)		Flood|Slide (land, mud, snow, rock)	No	No	Yes		137	Kph				2004	6	27	2004	6	28	1		300		300							60.2135797329328	[{"adm1_code":1359,"adm1_name":"Administrative unit not available"}]	2012-04-23	2023-09-25
2004-0312-MNP	No	nat-met-sto-tro	Natural	Meteorological	Storm	Tropical cyclone		Tingting	MNP	Northern Mariana Islands	Micronesia	Oceania	Saipan island (Northern Mariana Islands province)			No	No	No			Kph				2004	6	26	2004	6	27	3		200		200							60.2135797329328	[{"adm1_code":2243,"adm1_name":"Administrative unit not available"}]	2012-04-23	2023-09-25
2004-0445-GUM	No	nat-met-sto-tro	Natural	Meteorological	Storm	Tropical cyclone		Chaba	GUM	Guam	Micronesia	Oceania	Guam province			No	No	No			Kph				2004	8	30	2004	9	1										1000	1661	60.2135797329328	[{"adm1_code":1359,"adm1_name":"Administrative unit not available"}]	2007-02-23	2023-09-25
2004-0610-PNG	No	nat-geo-vol-ash	Natural	Geophysical	Volcanic activity	Ash fall			PNG	Papua New Guinea	Melanesia	Oceania	Bogia district (Madang province)			No	No	No							2004	10		2004	11				9600		9600							60.2135797329328	[{"adm2_code":37507,"adm2_name":"Bogia"}]	2014-07-28	2023-09-25
2005-0102-COK	No	nat-met-sto-tro	Natural	Meteorological	Storm	Tropical cyclone		Percy	COK	Cook Islands	Polynesia	Oceania	Pukapuka, Nassau islands			No	No	Yes		249	Kph				2005	2	28	2005	2	28		8	600		608							62.2564785298231	[{"adm1_code":980,"adm1_name":"Administrative unit not available"}]	2005-03-18	2023-09-25
2005-0102-TKL	No	nat-met-sto-tro	Natural	Meteorological	Storm	Tropical cyclone		Percy	TKL	Tokelau	Polynesia	Oceania	Nukunonu, Atafu, Fakaofo islands (Tokelau province)			No	No	No		249	Kph				2005	2	28	2005	2	28		1		25	26							62.2564785298231	[{"adm1_code":2975,"adm1_name":"Administrative unit not available"}]	2005-03-14	2023-09-25
2005-0151-ASM	No	nat-met-sto-tro	Natural	Meteorological	Storm	Tropical cyclone		Olaf	ASM	American Samoa	Polynesia	Oceania	'Manu''a island'			No	No	No			Kph				2005	2	16	2005	2	16												62.2564785298231	[{"adm1_code":389,"adm1_name":"Administrative unit not available"}]	2005-04-01	2023-09-25
2005-0151-WSM	No	nat-met-sto-tro	Natural	Meteorological	Storm	Tropical cyclone		Olaf	WSM	Samoa	Polynesia	Oceania	Samoa province			No	No	No		190	Kph				2005	2	16	2005	2	16	9											62.2564785298231	[{"adm1_code":2618,"adm1_name":"Administrative unit not available"}]	2005-04-01	2023-09-25
2005-0308-PNG	No	nat-geo-vol-ash	Natural	Geophysical	Volcanic activity	Ash fall		Langila, Manam	PNG	Papua New Guinea	Melanesia	Oceania	Aitavala, Masele, Kilenge, Ongaea, Potne, Sumel, Vem, Galegale, Tauale, Laut, Aimaga, Aipate, Gie villages (Gloucester district, West New Britain province)			No	No	No				-4.08	145.037		2005	6	2	2005	6	10			15000		15000							62.2564785298231	[{"adm2_code":37554,"adm2_name":"Gloucester"}]	2005-09-13	2023-09-25
2005-0328-PNG	No	nat-geo-ear-gro	Natural	Geophysical	Earthquake	Ground movement	USGS:usp000ds6y		PNG	Papua New Guinea	Melanesia	Oceania	Lae district (Morobe province)			No	No	No		6.1	Moment Magnitude	-6.319	146.846		2005	6	4	2005	6	4	1			200	200							62.2564785298231	[{"adm2_code":37523,"adm2_name":"Lae"}]	2005-06-24	2023-09-25
2005-0518-PNG	No	nat-hyd-flo-riv	Natural	Hydrological	Flood	Riverine flood			PNG	Papua New Guinea	Melanesia	Oceania	Arawa, Buin district (Northern Solomons province)	Heavy rainsfalls		No	No	No			Km2				2005	8	19	2005	8	19	1		2493		2493							62.2564785298231	[{"adm2_code":37537,"adm2_name":"Arawa"},{"adm2_code":37538,"adm2_name":"Buin"}]	2006-01-19	2023-09-25
2005-0664-VUT	No	nat-geo-vol-ash	Natural	Geophysical	Volcanic activity	Ash fall		Mt. Ambae	VUT	Vanuatu	Melanesia	Oceania	Ambae island (Penama province)			No	No	Yes				-16.507	168.346		2005	11	27	2005	11	27			5000		5000							62.2564785298231	[{"adm2_code":31851,"adm2_name":"Administrative unit not available"}]	2005-12-08	2023-09-25
2006-0059-PNG	No	nat-hyd-mmw-lan	Natural	Hydrological	Mass movement (wet)	Landslide (wet)			PNG	Papua New Guinea	Melanesia	Oceania	Kwasang 2 village (Mumeng district, Morobe province)	Torrential rain		No	No	No							2006	1	20	2006	4	18	14			10000	10000							64.2648322197347	[{"adm2_code":37525,"adm2_name":"Mumeng"}]	2007-03-08	2023-09-25
2006-0071-FJI	No	nat-hyd-flo-riv	Natural	Hydrological	Flood	Riverine flood			FJI	Fiji	Melanesia	Oceania	Macuata district (Northern province)	Heavy rain	Slide (land, mud, snow, rock)	No	No	No		2370	Km2	-16.45	179.65	Waiqele, Naseakula	2006	2	4	2006	2	9	4		224		224					500	778	64.2648322197347	[{"adm2_code":40202,"adm2_name":"Macuata"}]	2007-01-04	2023-09-25
2006-0073-FJI	No	nat-met-sto-tro	Natural	Meteorological	Storm	Tropical cyclone		Jim	FJI	Fiji	Melanesia	Oceania	Lautoka, Ba towns (Ba district, Western province), Rakiraki town (Ra district, Western province)		Flood	No	No	No			Kph	-17.82	177.68		2006	1	29	2006	2	6			168		168							64.2648322197347	[{"adm2_code":40203,"adm2_name":"Ba"},{"adm2_code":40205,"adm2_name":"Ra"}]	2007-01-04	2023-09-25
2006-0082-PNG	No	nat-hyd-flo-riv	Natural	Hydrological	Flood	Riverine flood			PNG	Papua New Guinea	Melanesia	Oceania	Babiko, Mou, Apanapi, Rapa, Mekeo, Inauabui, Veifa, Biotou, Kairuku areas (Kairuku district, Central province)	Heavy rains		No	No	No		34450	Km2	-9.07	147.28	Kemp Welsh	2006	2	3	2006	2	19	1			12000	12000							64.2648322197347	[{"adm2_code":37473,"adm2_name":"Kairuku"}]	2007-01-04	2023-09-25
2006-0205-PNG	No	nat-hyd-flo-riv	Natural	Hydrological	Flood	Riverine flood			PNG	Papua New Guinea	Melanesia	Oceania	Ambunti district (East Sepik province)	Heavy rain	Slide (land, mud, snow, rock)	No	No	No		41560	Km2	-4.26	143.22	Sunuhu, Yumbanakor	2006	4	12	2006	4	18			400		400							64.2648322197347	[{"adm2_code":37485,"adm2_name":"Ambunti"}]	2007-01-04	2023-09-25
2006-0222-PNG	No	nat-hyd-mmw-mud	Natural	Hydrological	Mass movement (wet)	Mudslide			PNG	Papua New Guinea	Melanesia	Oceania	Kuma village (Mendi district, Southern Highlands province)		Slide (land, mud, snow, rock)	No	No	No				-6.16	143.7		2006	4	27	2006	4	30	1		300		300							64.2648322197347	[{"adm2_code":37549,"adm2_name":"Mendi"}]	2007-01-04	2023-09-25
2006-0281-VUT	No	nat-geo-vol-ash	Natural	Geophysical	Volcanic activity	Ash fall		Lopevi	VUT	Vanuatu	Melanesia	Oceania	Paama, Ambrym villages (Malampa province)			No	No	No				-16.507	168.346		2006	5	9	2006	5	9												64.2648322197347	[{"adm2_code":31850,"adm2_name":"Administrative unit not available"}]	2006-06-13	2023-09-25
2006-0540-PNG	No	nat-geo-vol-ash	Natural	Geophysical	Volcanic activity	Ash fall	GLIDE:VO-2006-000148	Tavurvur	PNG	Papua New Guinea	Melanesia	Oceania	Kokopo, Rabaul districts (East New Britain province)			No	No	No							2006	10	7	2006	10	7			1221		1221							64.2648322197347	[{"adm2_code":37482,"adm2_name":"Kokopo"},{"adm2_code":37484,"adm2_name":"Rabaul"}]	2014-07-28	2025-03-06
2006-0715-PNG	No	nat-geo-vol-ash	Natural	Geophysical	Volcanic activity	Ash fall		Karai	PNG	Papua New Guinea	Melanesia	Oceania	Kaiamu, Malasi, Sulu, Silali villages (Bialla district, West New Britain province)			No	No	No							2006	7	13	2006	7	13			2078		2078							64.2648322197347	[{"adm2_code":37553,"adm2_name":"Bialla"}]	2007-01-09	2023-09-25
2007-0108-FJI	No	nat-hyd-flo-riv	Natural	Hydrological	Flood	Riverine flood			FJI	Fiji	Melanesia	Oceania	Central, Northern, Western provinces	Heavy rain		No	No	No		1690	Km2	-17.77	177.48	Qawa, Nadi	2007	2	3	2007	2	20	1		900		900					30000	45387	66.0981029658773	[{"adm1_code":40187,"adm1_name":"Central"},{"adm1_code":40189,"adm1_name":"Northern"},{"adm1_code":40190,"adm1_name":"Western"}]	2007-12-12	2023-09-25
2007-0127-SLB	No	nat-geo-ear-tsu	Natural	Geophysical	Earthquake	Tsunami	USGS:usp000f83m		SLB	Solomon Islands	Melanesia	Oceania	Administrative unit not available	Earthquake	Slide (land, mud, snow, rock)|Tsunami/Tidal wave	Yes	No	No	5113	8.1	Moment Magnitude	-8.466	157.043		2007	4	1	2007	4	1	52	9	2375		2384							66.0981029658773	[{"adm2_code":25652,"adm2_name":"Administrative unit not available"}]	2011-07-28	2023-09-25
2007-0151-FJI	No	nat-met-sto-tro	Natural	Meteorological	Storm	Tropical cyclone		Cliff	FJI	Fiji	Melanesia	Oceania	Lau district (Eastern province)		Slide (land, mud, snow, rock)	No	No	No		120	Kph				2007	4	5	2007	4	5	1											66.0981029658773	[{"adm2_code":40197,"adm2_name":"Lau"}]	2007-04-20	2023-09-25
2007-0557-PNG	No	nat-met-sto-tro	Natural	Meteorological	Storm	Tropical cyclone	GLIDE:FL-2007-000209	'Cyclone ''Guba'''	PNG	Papua New Guinea	Melanesia	Oceania	Rabaraba district (Milne Bay Province), Northern province	Tropical cyclone Cuba	Flood	Yes	No	Yes	1302		Kph	-9.03	149.22		2007	11	12	2007	11	16	172		162140		162140	183000	276861					66.0981029658773	[{"adm1_code":2303,"adm1_name":"Northern"},{"adm2_code":37518,"adm2_name":"Rabaraba"}]	2009-05-27	2023-09-25
2007-0592-FJI	No	nat-hyd-flo-fla	Natural	Hydrological	Flood	Flash flood	GLIDE:FL-2007-000025		FJI	Fiji	Melanesia	Oceania	Central, Northern, Western provinces			No	No	No			Km2	-17.77	177.48		2007	3	9	2007	3	12	5									7000	10590	66.0981029658773	[{"adm1_code":40187,"adm1_name":"Central"},{"adm1_code":40189,"adm1_name":"Northern"},{"adm1_code":40190,"adm1_name":"Western"}]	2008-08-04	2023-09-25
2007-0655-FJI	No	nat-met-sto-tro	Natural	Meteorological	Storm	Tropical cyclone	GLIDE:TC-2007-000223	Daman	FJI	Fiji	Melanesia	Oceania	Cikobia island (Lau district, Eastern province)			No	No	No		250	Kph				2007	12	5	2007	12	7			69		69					652	986	66.0981029658773	[{"adm2_code":40197,"adm2_name":"Lau"}]	2008-08-01	2025-03-17
2008-0051-FJI	No	nat-met-sto-tro	Natural	Meteorological	Storm	Tropical cyclone	GLIDE:TC-2008-000016	Cyclone "Gene"	FJI	Fiji	Melanesia	Oceania	Central, Eastern, Northern, Western provinces		Flood	No	No	No		177	Kph				2008	1	28	2008	1	29	7									30000	43709	68.6356722808762	[{"adm1_code":40187,"adm1_name":"Central"},{"adm1_code":40188,"adm1_name":"Eastern"},{"adm1_code":40189,"adm1_name":"Northern"},{"adm1_code":40190,"adm1_name":"Western"}]	2008-07-31	2025-03-17
2008-0575-PNG	No	nat-hyd-flo-coa	Natural	Hydrological	Flood	Coastal flood	GLIDE:FL-2008-000243		PNG	Papua New Guinea	Melanesia	Oceania	East Sepik, Madang, Manus, Milne Bay, Morobe, New Ireland, Northern Solomons, West Sepik provinces	Low depression		Yes	No	Yes	150		Km2				2008	12	8	2008	12	8			75300		75300							68.6356722808762	[{"adm1_code":2293,"adm1_name":"East Sepik"},{"adm1_code":2297,"adm1_name":"Madang"},{"adm1_code":2298,"adm1_name":"Manus"},{"adm1_code":2299,"adm1_name":"Milne Bay"},{"adm1_code":2300,"adm1_name":"Morobe"},{"adm1_code":2302,"adm1_name":"New Ireland"},{"adm1_code":2304,"adm1_name":"Northern Solomons"},{"adm1_code":2307,"adm1_name":"West Sepik"}]	2010-08-16	2023-09-25
2008-0583-FSM	No	nat-hyd-flo-coa	Natural	Hydrological	Flood	Coastal flood			FSM	Micronesia (Federated States of)	Micronesia	Oceania	Kosrae, Pohnpei islands			No	No	Yes			Km2				2008	12	9	2008	12	9												68.6356722808762	[{"adm1_code":2060,"adm1_name":"Administrative unit not available"}]	2009-01-14	2023-09-25
2008-0583-KIR	No	nat-hyd-flo-coa	Natural	Hydrological	Flood	Coastal flood			KIR	Kiribati	Micronesia	Oceania	Marakei island			No	No	No			Km2				2008	12	9	2008	12	9				85	85							68.6356722808762	[{"adm1_code":1739,"adm1_name":"Administrative unit not available"}]	2009-01-14	2023-09-25
2008-0583-MHL	No	nat-hyd-flo-coa	Natural	Hydrological	Flood	Coastal flood			MHL	Marshall Islands	Micronesia	Oceania	Majuro, Ebeye islands			No	No	Yes			Km2				2008	12	10	2008	12	24			600		600							68.6356722808762	[{"adm1_code":2002,"adm1_name":"Administrative unit not available"}]	2010-06-07	2023-09-25
2008-0583-PNG	No	nat-hyd-flo-coa	Natural	Hydrological	Flood	Coastal flood			PNG	Papua New Guinea	Melanesia	Oceania	Northern Solomons province			No	No	No			Km2				2008	12	12	2008	12	12												68.6356722808762	[{"adm1_code":2304,"adm1_name":"Northern Solomons"}]	2009-01-14	2023-09-25
2008-0625-PNG	No	nat-geo-mmd-lan	Natural	Geophysical	Mass movement (dry)	Landslide (dry)			PNG	Papua New Guinea	Melanesia	Oceania	Kainantu gold mine site (Kainantu district, Eastern Highlands province)		Industrial accidents	No	No	No							2008	1	6	2008	1	6	10											68.6356722808762	[{"adm2_code":37491,"adm2_name":"Kainantu"}]	2014-07-11	2023-09-25
2008-0659-VUT	No	nat-geo-vol-ash	Natural	Geophysical	Volcanic activity	Ash fall		Mt. Ambrym	VUT	Vanuatu	Melanesia	Oceania	Ambrym island (Malampa province)			No	No	No							2008	12		2009	4				9000		9000							68.6356722808762	[{"adm2_code":31850,"adm2_name":"Administrative unit not available"}]	2009-12-08	2023-09-25
2009-0013-FJI	No	nat-hyd-flo-riv	Natural	Hydrological	Flood	Riverine flood	GLIDE:FL-2009-000010		FJI	Fiji	Melanesia	Oceania	North, Central, Western provinces	Heavy rains	Tsunami/Tidal wave	Yes	No	Yes	2516	348	Km2	-17.74	178.05		2009	1	8	2009	1	19	12		10556		10556					43247	63234	68.3916426833056	[{"adm1_code":40187,"adm1_name":"Central"},{"adm1_code":40189,"adm1_name":"Northern"},{"adm1_code":40190,"adm1_name":"Western"}]	2010-08-16	2024-09-20
2009-0039-SLB	No	nat-hyd-flo-riv	Natural	Hydrological	Flood	Riverine flood	GLIDE:FL-2009-000032		SLB	Solomon Islands	Melanesia	Oceania	Vatukakabo, Mataruka, Verasaba-Takaboru, Tababoru Sasa, Vatukalau, Takaburu, Vatusi, Talangia, Matoba, Barevo, Paru, Vanagobuli, Tina, Tanamao, Vura, Taluloki villages (Guadalcanal area), Malaita, Makira-Ulawa, Central areas	Heavy rain	Slide (land, mud, snow, rock)	Yes	Yes	Yes	276	118000	Km2	-8.14	-158.66		2009	1	29	2009	2	6	21		7000		7000							68.3916426833056	[{"adm1_code":2687,"adm1_name":"Administrative unit not available"}]	2010-03-04	2024-09-20
2009-0171-VUT	No	nat-hyd-flo-riv	Natural	Hydrological	Flood	Riverine flood			VUT	Vanuatu	Melanesia	Oceania	Linbul, Ranvetlam villages (Malampa province)	Heavy rains	Slide (land, mud, snow, rock)	No	No	No			Km2				2009	4	15	2009	4	15			950		950							68.3916426833056	[{"adm1_code":3296,"adm1_name":"Malampa"}]	2009-05-14	2023-09-25
2009-0211-PNG	No	nat-hyd-mmw-lan	Natural	Hydrological	Mass movement (wet)	Landslide (wet)			PNG	Papua New Guinea	Melanesia	Oceania	Zongefifi village (Sialum area, Finschhafen district, Morobe province)	Heavy rain		No	No	No							2009	5	26	2009	5	26	19											68.3916426833056	[{"adm2_code":37520,"adm2_name":"Finschhafen"}]	2009-05-29	2023-09-25
2009-0420-ASM	No	nat-geo-ear-tsu	Natural	Geophysical	Earthquake	Tsunami	GLIDE:TS-2009-000210|USGS:usp000h1ys		ASM	American Samoa	Polynesia	Oceania	Pago Pago, Tula villages		Tsunami/Tidal wave	No	No	No		8.1	Moment Magnitude	-15.489	-172.095		2009	9	29	2009	9	29	34		2500		2500							68.3916426833056	[{"adm2_code":4197,"adm2_name":"Administrative unit not available"}]	2014-05-13	2023-09-25
2009-0420-TON	No	nat-geo-ear-tsu	Natural	Geophysical	Earthquake	Tsunami	GLIDE:TS-2009-000210|USGS:usp000h1ys		TON	Tonga	Polynesia	Oceania	Niuatoputapu island (Administrative unit not available province)		Tsunami/Tidal wave	Yes	No	No		8.1	Moment Magnitude	-15.489	-172.095		2009	9	29	2009	9	29	9	7	500		507					9500	13891	68.3916426833056	[{"adm2_code":27407,"adm2_name":"Administrative unit not available"}]	2014-05-13	2023-09-25
2009-0420-WSM	No	nat-geo-ear-tsu	Natural	Geophysical	Earthquake	Tsunami	GLIDE:TS-2009-000210|USGS:usp000h1ys		WSM	Samoa	Polynesia	Oceania	Administrative unit not available province		Tsunami/Tidal wave	Yes	No	No		8.1	Moment Magnitude	-15.489	-172.095		2009	9	29	2009	9	29	148	310	5274		5584					124040	181367	68.3916426833056	[{"adm2_code":25301,"adm2_name":"Administrative unit not available"}]	2014-02-19	2023-09-25
2009-0553-VUT	No	nat-geo-vol-ash	Natural	Geophysical	Volcanic activity	Ash fall		Mt. Garet	VUT	Vanuatu	Melanesia	Oceania	Gaua island (Torba province)			No	No	No							2009	11	26	2009	11	26			400		400							68.3916426833056	[{"adm2_code":31855,"adm2_name":"Administrative unit not available"}]	2009-12-16	2023-09-25
2009-0554-FJI	No	nat-met-sto-tro	Natural	Meteorological	Storm	Tropical cyclone	GLIDE:TC-2009-000258	'Cyclone ''Mick'''	FJI	Fiji	Melanesia	Oceania	Central, Western provinces		Flood	No	No	No	121	100	Kph				2009	12	14	2009	12	15	2		3845		3845					13300	19447	68.3916426833056	[{"adm1_code":40187,"adm1_name":"Central"},{"adm1_code":40190,"adm1_name":"Western"}]	2010-02-09	2023-09-25
2010-0003-SLB	No	nat-geo-ear-gro	Natural	Geophysical	Earthquake	Ground movement	USGS:usp000h5np		SLB	Solomon Islands	Melanesia	Oceania	Administrative unit not available		Slide (land, mud, snow, rock)|Tsunami/Tidal wave	Yes	No	No	131	7.1	Moment Magnitude	-8.783	157.354		2010	1	3	2010	1	3		1	1125		1126							69.5132932926428	[{"adm2_code":25652,"adm2_name":"Administrative unit not available"}]	2014-05-12	2023-09-25
2010-0044-PYF	No	nat-met-sto-tro	Natural	Meteorological	Storm	Tropical cyclone		Cyclone "Oli"	PYF	French Polynesia	Polynesia	Oceania	Tubuai island (Australes archipelagos), Bora Bora, Maupiti, Raiatea, Tahaa, Huahine islands (Iles sous le Vent group), Tahiti, Moorea, Maiao island (Iles du vent group)		Flood|Surge	No	No	Yes		260	Kph				2010	2	4	2010	2	4	1	11	3400		3411					11000	15824	69.5132932926428	[{"adm1_code":1273,"adm1_name":"Administrative unit not available"}]	2010-02-10	2023-09-25
2010-0054-SLB	No	nat-hyd-flo-riv	Natural	Hydrological	Flood	Riverine flood			SLB	Solomon Islands	Melanesia	Oceania	Guadalcanal, Isabel, Makira, Malaita Islands areas	Tropical Depression		No	No	No			Km2				2010	1	21	2010	2	9	2	1	16016		16017							69.5132932926428	[{"adm1_code":2687,"adm1_name":"Administrative unit not available"}]	2010-02-10	2023-09-25
2010-0078-COK	No	nat-met-sto-tro	Natural	Meteorological	Storm	Tropical cyclone	GLIDE:TC-2010-000024	Pat	COK	Cook Islands	Polynesia	Oceania	Aitutaki, Rarotonga, Palmerston islands			No	No	Yes		200	Kph				2010	2	11	2010	2	19		8	2194		2202							69.5132932926428	[{"adm1_code":980,"adm1_name":"Administrative unit not available"}]	2010-03-25	2023-09-25
2010-0106-FJI	No	nat-met-sto-tro	Natural	Meteorological	Storm	Tropical cyclone	GLIDE:TC-2010-000054	Cyclone "Tomas"	FJI	Fiji	Melanesia	Oceania	Central, Easter, Northern, Western provinces		Flood	Yes	No	Yes	1973	250	Kph				2010	3	14	2010	3	16	2		39101		39101					39427	56719	69.5132932926428	[{"adm1_code":40187,"adm1_name":"Central"},{"adm1_code":40188,"adm1_name":"Eastern"},{"adm1_code":40189,"adm1_name":"Northern"},{"adm1_code":40190,"adm1_name":"Western"}]	2014-05-12	2023-09-25
2010-0120-SLB	No	nat-met-sto-tro	Natural	Meteorological	Storm	Tropical cyclone	GLIDE:TC-2010-000060	Cyclone "Ului"	SLB	Solomon Islands	Melanesia	Oceania	Isabel, Malaita, Guadalcanal, Temotu, Makira/Uluawa, Rennel/Bellona areas (Solomon Islands province)		Flood|Surge	No	No	No			Kph				2010	3	15	2010	3	15			205	590	795							69.5132932926428	[{"adm1_code":2687,"adm1_name":"Administrative unit not available"}]	2010-04-12	2024-08-27
2011-0070-PNG	No	nat-met-sto-tro	Natural	Meteorological	Storm	Tropical cyclone	GLIDE:TC-2011-000015	Tropical Cyclone "Yasi"	PNG	Papua New Guinea	Melanesia	Oceania	Alotau district (Milne Bay province)			No	No	No			Kph				2011	2	2	2011	2	2												71.7077236119433	[{"adm2_code":37514,"adm2_name":"Alotau"}]	2011-04-01	2023-09-25
2011-0070-SLB	No	nat-met-sto-tro	Natural	Meteorological	Storm	Tropical cyclone	GLIDE:TC-2011-000015	Tropical Cyclone "Yasi"	SLB	Solomon Islands	Melanesia	Oceania	Solomon Islands province		Flood	No	No	No			Kph				2011	2	2	2011	2	2												71.7077236119433	[{"adm1_code":2687,"adm1_name":"Administrative unit not available"}]	2011-04-01	2023-09-25
2011-0070-VUT	No	nat-met-sto-tro	Natural	Meteorological	Storm	Tropical cyclone	GLIDE:TC-2011-000015	Tropical Cyclone "Yasi"	VUT	Vanuatu	Melanesia	Oceania	Banks, Torres Island areas (Torba province)		Flood|Surge	No	No	No			Kph				2011	1	30	2011	1	31												71.7077236119433	[{"adm1_code":3301,"adm1_name":"Torba"}]	2011-04-01	2023-09-25
2011-0071-VUT	No	nat-met-sto-tro	Natural	Meteorological	Storm	Tropical cyclone	GLIDE:TC-2011-000009	Tropical cyclone "Vania"	VUT	Vanuatu	Melanesia	Oceania	Tafea province			Yes	No	No	195		Kph				2011	1	12	2011	1	13			32000		32000							71.7077236119433	[{"adm1_code":3300,"adm1_name":"Tafea"}]	2014-07-28	2023-09-25
2011-0091-TON	No	nat-met-sto-tro	Natural	Meteorological	Storm	Tropical cyclone		Tropical cyclone Wilma	TON	Tonga	Polynesia	Oceania	'Ha''apai island (Tonga province)'			No	No	No	86		Kph				2011	1	25	2011	1	29	3		7600		7600					3000	4184	71.7077236119433	[{"adm1_code":2976,"adm1_name":"Administrative unit not available"}]	2014-07-28	2024-08-27
2011-9390-TUV	No	nat-cli-dro-dro	Natural	Climatological	Drought	Drought	GLIDE:DR-2011-000176		TUV	Tuvalu	Polynesia	Oceania	Nukulaelae Isl. Funati Islands	La Nina		Yes	No	Yes			Km2				2011	9		2011														71.7077236119433	[{"adm1_code":3103,"adm1_name":"Administrative unit not available"}]	2011-11-09	2023-09-25
2012-0024-FJI	No	nat-hyd-flo-riv	Natural	Hydrological	Flood	Riverine flood			FJI	Fiji	Melanesia	Oceania	Western province	Heavy rains, TRopical depression	Slide (land, mud, snow, rock)	Yes	No	Yes	1641		Km2	-17.784	178.08		2012	1	22	2012	2	6	10		4561		4561					17000	23227	73.1915916061133	[{"adm1_code":40190,"adm1_name":"Western"}]	2013-03-08	2023-09-25
2012-0052-PNG	No	nat-hyd-mmw-lan	Natural	Hydrological	Mass movement (wet)	Landslide (wet)	GLIDE:LS-2012-000010		PNG	Papua New Guinea	Melanesia	Oceania	Tumbi village (Tari district, Southern Highlands province)			No	No	No							2012	1	24	2012	1	24	60											73.1915916061133	[{"adm2_code":37552,"adm2_name":"Tari"}]	2012-02-24	2023-09-25
2012-0069-FJI	No	nat-hyd-flo-riv	Natural	Hydrological	Flood	Riverine flood			FJI	Fiji	Melanesia	Oceania	Western province	Heavy rains, tropical depression TD17F-2012		Yes	No	Yes	3675		Km2	-17.798	178.02		2012	3	29	2012	3	30	5		14984		14984					72000	98372	73.1915916061133	[{"adm1_code":40190,"adm1_name":"Western"}]	2013-03-28	2023-09-25
2012-0242-SLB	No	nat-hyd-flo-fla	Natural	Hydrological	Flood	Flash flood			SLB	Solomon Islands	Melanesia	Oceania	Makira-Ulawa area		Slide (land, mud, snow, rock)	No	No	No			Km2				2012	2	1	2012	6	3			4836		4836							73.1915916061133	[{"adm1_code":2687,"adm1_name":"Administrative unit not available"}]	2012-07-23	2023-09-25
2012-0349-PNG	No	nat-hyd-flo-riv	Natural	Hydrological	Flood	Riverine flood			PNG	Papua New Guinea	Melanesia	Oceania	Southern Highlands province	Heavy rains	Slide (land, mud, snow, rock)	No	No	No			Km2				2012	9	1	2012	9	20	5		200000		200000					27000	36889	73.1915916061133	[{"adm1_code":2305,"adm1_name":"Southern Highlands"}]	2013-01-28	2023-09-25
2012-0498-FJI	No	nat-met-sto-tro	Natural	Meteorological	Storm	Tropical cyclone	GLIDE:TC-2012-000201	Cyclone Evan	FJI	Fiji	Melanesia	Oceania	Bua, Macuata, Cakaudrove districts (Northern province), Ba, Nadroga & Navosa, Ra districts (Western province)			Yes	No	No			Kph				2012	12	16	2012	12	18	2		8400		8400					8400	11477	73.1915916061133	[{"adm2_code":40200,"adm2_name":"Bua"},{"adm2_code":40201,"adm2_name":"Cakaudrove"},{"adm2_code":40202,"adm2_name":"Macuata"},{"adm2_code":40203,"adm2_name":"Ba"},{"adm2_code":40204,"adm2_name":"Nadroga \u0026 Navosa"},{"adm2_code":40205,"adm2_name":"Ra"}]	2014-07-29	2023-09-25
2012-0498-WLF	No	nat-met-sto-tro	Natural	Meteorological	Storm	Tropical cyclone	GLIDE:TC-2012-000201	Cyclone Evan	WLF	Wallis and Futuna Islands	Polynesia	Oceania	Wallis and Futuna province			No	No	No		156	Kph				2012	12	15	2012	12	15		2	1250		1252							73.1915916061133	[{"adm1_code":3392,"adm1_name":"Administrative unit not available"}]	2014-07-29	2023-09-25
2012-0498-WSM	No	nat-met-sto-tro	Natural	Meteorological	Storm	Tropical cyclone	GLIDE:TC-2012-000201	Cyclone Evan	WSM	Samoa	Polynesia	Oceania	Samoa province		Flood	Yes	No	No	3458		Kph				2012	12	13	2012	12	13	12		12703		12703					133000	181715	73.1915916061133	[{"adm1_code":2618,"adm1_name":"Administrative unit not available"}]	2014-07-29	2023-09-25
2012-0500-PLW	No	nat-met-sto-tro	Natural	Meteorological	Storm	Tropical cyclone	GLIDE:TC-2012-000197	Typhoon Bopha	PLW	Palau	Micronesia	Oceania	Angaur, Peleliu, Babaldaob			No	No	No			Kph				2012	12	2	2012	12	2				1250	1250							73.1915916061133	[{"adm2_code":23694,"adm2_name":"Administrative unit not available"}]	2017-08-30	2023-09-25
2013-0028-PNG	No	nat-hyd-flo-riv	Natural	Hydrological	Flood	Riverine flood	GLIDE:FL-2013-000017		PNG	Papua New Guinea	Melanesia	Oceania	Yakamul, Paup, Afua villages (Aitape district, West Sepik province), Lae, Bulolo, Markham, Nawaeb, Menyamya villages (Lae district, Morobe province), Central, National Capital District, Western Highlands provinces		Slide (land, mud, snow, rock)	Yes	No	No			Km2				2013	1		2013	1				35000		35000							74.2637290732739	[{"adm1_code":2290,"adm1_name":"Central"},{"adm1_code":2301,"adm1_name":"National Capital District"},{"adm1_code":2309,"adm1_name":"Western Highlands"},{"adm2_code":37523,"adm2_name":"Lae"},{"adm2_code":37557,"adm2_name":"Aitape"}]	2014-07-29	2023-09-25
2013-0029-SLB	No	nat-geo-ear-tsu	Natural	Geophysical	Earthquake	Tsunami	GLIDE:TS-2013-000015|USGS:usc000f1s0		SLB	Solomon Islands	Melanesia	Oceania	Santa Cruz islands (Temotu (Adminitrative unit not available) province)		Tsunami/Tidal wave	Yes	No	No		8	Moment Magnitude	-10.799	165.114		2013	2	6	2013	2	6	10		3329		3329					2000	2693	74.2637290732739	[{"adm2_code":25652,"adm2_name":"Administrative unit not available"}]	2014-07-29	2023-09-25
2013-0420-SLB	No	nat-hyd-flo-riv	Natural	Hydrological	Flood	Riverine flood			SLB	Solomon Islands	Melanesia	Oceania	Guadalcanal area			No	No	No			Km2				2013	8	29	2013	9	2			10227		10227					2000	2693	74.2637290732739	[{"adm1_code":2687,"adm1_name":"Administrative unit not available"}]	2014-01-06	2023-09-25
2013-0433-PLW	No	nat-met-sto-tro	Natural	Meteorological	Storm	Tropical cyclone	GLIDE:TC-2013-000139	Typhoon Haiyan (Yolanda)	PLW	Palau	Micronesia	Oceania	Ngercelong, Ngaraard, Ngardmau, Koror, Airai, Aimelick, Ngatpang, Ngiwal, Melekeok, Ngchesar, Ngeramlengu areas (Palau province)			Yes	No	No		160	Kph				2013	11	7	2013	11	7												74.2637290732739	[{"adm1_code":2278,"adm1_name":"Administrative unit not available"}]	2014-07-29	2023-09-25
2013-9150-MHL	No	nat-cli-dro-dro	Natural	Climatological	Drought	Drought	GLIDE:DR-2013-000053		MHL	Marshall Islands	Micronesia	Oceania	North of the capital Majuro, atolls/islands of Namu, Likiep and Mejit	Prolonged dry weather		No	No	Yes			Km2				2013	5		2013	5				6384		6384							74.2637290732739	[{"adm1_code":2002,"adm1_name":"Administrative unit not available"}]	2014-07-29	2023-09-25
2014-0001-TON	No	nat-met-sto-tro	Natural	Meteorological	Storm	Tropical cyclone		Ian	TON	Tonga	Polynesia	Oceania	'Mo''unga''one, Ha''ano, Foa, Lifuka, Lofanga, Uiha islands (Ha''apai island group, Tonga province), Vava''u island group (Tonga province)'			Yes	No	Yes		270	Kph				2014	1	6	2014	1	11	1	14	4000		4014					31000	41077	75.4684556780686	[{"adm1_code":2976,"adm1_name":"Administrative unit not available"}]	2014-07-29	2023-09-25
2014-0091-SLB	No	nat-hyd-flo-fla	Natural	Hydrological	Flood	Flash flood			SLB	Solomon Islands	Melanesia	Oceania	Honiara, Guadalcanal, Makira, Malaita, Isabel Islands areas	Prolonged heavy rainfall associated with a tropical depression	Broken Dam/Burst bank	Yes	No	No	7548	5480.75	Km2	-9.678	160.34		2014	4	1	2014	4	8	47		52000		52000					24000	31801	75.4684556780686	[{"adm1_code":2687,"adm1_name":"Administrative unit not available"}]	2014-07-29	2023-09-25
2014-0096-VUT	No	nat-met-sto-tro	Natural	Meteorological	Storm	Tropical cyclone	GLIDE:TC-2014-000033	Tropical cylone Lusi	VUT	Vanuatu	Melanesia	Oceania	Western Pentecost, East Ambae, Maewo areas (Penama province), Western Ambrym area (Malampa province), South Santo area (Sanma province), Gaua, Vanua Lava areas (Torba province), Shepherd area (Shefa province)		Flood	No	No	No		140	Kph				2014	3	9	2014	3	12	12	6	20000		20006					2000	2650	75.4684556780686	[{"adm1_code":3296,"adm1_name":"Malampa"},{"adm1_code":3297,"adm1_name":"Penama"},{"adm1_code":3298,"adm1_name":"Sanma"},{"adm1_code":3299,"adm1_name":"Shefa"},{"adm1_code":3301,"adm1_name":"Torba"}]	2014-04-09	2023-09-25
2014-0097-KIR	No	nat-hyd-flo-coa	Natural	Hydrological	Flood	Coastal flood			KIR	Kiribati	Micronesia	Oceania	Marakei island			No	No	No			Km2				2014	3	3	2014	3	3			220		220							75.4684556780686	[{"adm1_code":1739,"adm1_name":"Administrative unit not available"}]	2014-04-09	2023-09-25
2014-0097-MHL	No	nat-hyd-flo-coa	Natural	Hydrological	Flood	Coastal flood			MHL	Marshall Islands	Micronesia	Oceania	Arno Majuro, Mili, Maloelap, Wotje Atolls, Kili Island		Surge	No	No	No		34.84	Km2	7.30951	168.73		2014	3	3	2014	3	10			360		360							75.4684556780686	[{"adm1_code":2002,"adm1_name":"Administrative unit not available"}]	2014-05-14	2023-09-25
2014-0405-PNG	No	nat-hyd-flo-riv	Natural	Hydrological	Flood	Riverine flood			PNG	Papua New Guinea	Melanesia	Oceania	Gulf province	Heavy rains		No	No	No			Km2				2014	6		2014	7				27000		27000							75.4684556780686	[{"adm1_code":2296,"adm1_name":"Gulf"}]	2014-10-15	2023-09-25
2014-0410-PNG	No	nat-geo-vol-ash	Natural	Geophysical	Volcanic activity	Ash fall		Mt. Bagana	PNG	Papua New Guinea	Melanesia	Oceania	Arawa, Buin, Sohano districts, Northern Solomons province			No	No	No							2014	8	9	2014	8	9			1380		1380							75.4684556780686	[{"adm2_code":37537,"adm2_name":"Arawa"},{"adm2_code":37538,"adm2_name":"Buin"},{"adm2_code":37539,"adm2_name":"Sohano"}]	2014-10-15	2023-09-25
2014-0423-PNG	No	nat-met-sto-tro	Natural	Meteorological	Storm	Tropical cyclone		Cyclone Ita	PNG	Papua New Guinea	Melanesia	Oceania	Milne Bay province			No	No	No			Kph				2014	4	7	2014	4	9			12346		12346							75.4684556780686	[{"adm1_code":2299,"adm1_name":"Milne Bay"}]	2014-10-27	2023-09-25
2015-0093-KIR	No	nat-met-sto-tro	Natural	Meteorological	Storm	Tropical cyclone	GLIDE:TC-2015-000020	'Cyclone ''Pam'''	KIR	Kiribati	Micronesia	Oceania	Tarawa, Arorae, Tamana, Onotoa areas (Kiribati province)		Flood	Yes	No	No			Kph				2015	3	12	2015	3	13			1500		1500							75.5579767689445	[{"adm1_code":1739,"adm1_name":"Administrative unit not available"}]	2015-03-17	2023-09-25
2015-0093-PNG	No	nat-met-sto-tro	Natural	Meteorological	Storm	Tropical cyclone	GLIDE:TC-2015-000020	'Cyclone ''Pam'''	PNG	Papua New Guinea	Melanesia	Oceania	West New Britain, Madang provinces			No	No	No			Kph				2015	3	13	2015	3	13			9199		9199							75.5579767689445	[{"adm1_code":2297,"adm1_name":"Madang"},{"adm1_code":2306,"adm1_name":"West New Britain"}]	2016-02-29	2023-09-25
2015-0093-SLB	No	nat-met-sto-tro	Natural	Meteorological	Storm	Tropical cyclone	GLIDE:TC-2015-000020	'Cyclone ''Pam'''	SLB	Solomon Islands	Melanesia	Oceania	Temotu, Malaita areas (Solomon Islands province)		Flood	Yes	No	No			Kph				2015	3	6	2015	3	6			44096		44096							75.5579767689445	[{"adm1_code":2687,"adm1_name":"Administrative unit not available"}]	2015-03-18	2023-09-25
2015-0093-TUV	No	nat-met-sto-tro	Natural	Meteorological	Storm	Tropical cyclone	GLIDE:TC-2015-000020	'Cyclone ''Pam'''	TUV	Tuvalu	Polynesia	Oceania	Nanumea, Nanumaga, Niutao, Nui, Vaitupu, Nukufetau, Nukulaelae atolls (Tuvalu province)		Surge	Yes	No	Yes			Kph				2015	3	10	2015	3	11			4613		4613							75.5579767689445	[{"adm1_code":3103,"adm1_name":"Administrative unit not available"}]	2015-03-17	2023-09-25
2015-0093-VUT	No	nat-met-sto-tro	Natural	Meteorological	Storm	Tropical cyclone	GLIDE:TC-2015-000020	'Cyclone ''Pam'''	VUT	Vanuatu	Melanesia	Oceania	Torba, Penama, Sanma, Malampa, Shefa, Tafea provinces		Flood	Yes	Yes	Yes	44127	250	Kph				2015	3	12	2015	3	14	11		188000		188000					449400	594775	75.5579767689445	[{"adm1_code":3296,"adm1_name":"Malampa"},{"adm1_code":3297,"adm1_name":"Penama"},{"adm1_code":3298,"adm1_name":"Sanma"},{"adm1_code":3299,"adm1_name":"Shefa"},{"adm1_code":3300,"adm1_name":"Tafea"},{"adm1_code":3301,"adm1_name":"Torba"}]	2015-03-16	2023-09-25
2015-0097-PNG	No	nat-hyd-flo-flo	Natural	Hydrological	Flood	Flood (General)			PNG	Papua New Guinea	Melanesia	Oceania	Central, Madang, Milne Bay, Morobe, National Capital District, Northern, Northern, Solomons, West New Britain provinces	Heavy rains, Tropical Cyclones Nathan and Pam		No	No	No			Km2				2015	3	4	2015	3	18			20000		20000							75.5579767689445	[{"adm1_code":2290,"adm1_name":"Central"},{"adm1_code":2297,"adm1_name":"Madang"},{"adm1_code":2299,"adm1_name":"Milne Bay"},{"adm1_code":2300,"adm1_name":"Morobe"},{"adm1_code":2301,"adm1_name":"National Capital District"},{"adm1_code":2303,"adm1_name":"Northern"},{"adm1_code":2304,"adm1_name":"Northern Solomons"},{"adm1_code":2306,"adm1_name":"West New Britain"}]	2015-03-18	2023-09-25
2015-0105-FSM	No	nat-met-sto-tro	Natural	Meteorological	Storm	Tropical cyclone	GLIDE:TC-2015-000028	'Typhoon'' Maysak'''	FSM	Micronesia (Federated States of)	Micronesia	Oceania	Chuuk, Ulithi Atoll, Yap areas (Micronesia province)			Yes	No	Yes		260	Kph				2015	3	27	2015	3	30	5		35000		35000					11000	14558	75.5579767689445	[{"adm1_code":2060,"adm1_name":"Administrative unit not available"}]	2015-04-01	2025-03-17
2015-0281-SLB	No	nat-met-sto-tro	Natural	Meteorological	Storm	Tropical cyclone		Tropical cylone Raquel	SLB	Solomon Islands	Melanesia	Oceania	Solomon Islands province			No	No	No			Kph				2015	7	5	2015	7	6	9			400	400					2000	2647	75.5579767689445	[{"adm1_code":2687,"adm1_name":"Administrative unit not available"}]	2015-07-23	2023-09-25
2015-0339-MNP	No	nat-met-sto-tro	Natural	Meteorological	Storm	Tropical cyclone		'Typhoon ''Soudelor'' (Hanna)'	MNP	Northern Mariana Islands	Micronesia	Oceania	Saipan island (Northern Mariana Islands province)			No	No	Yes		170	Kph				2015	8	1	2015	8	2		10	350		360							75.5579767689445	[{"adm1_code":2243,"adm1_name":"Administrative unit not available"}]	2015-09-07	2023-09-25
2015-9410-PNG	No	nat-cli-dro-dro	Natural	Climatological	Drought	Drought	GLIDE:CW-2015-000116-PNG		PNG	Papua New Guinea	Melanesia	Oceania	Kandep district (Enga province), Sirunki city (Lagaip district, Enga province), Mendi, Ialibu, Pangia districts (Southern Highlands province), Tambul district (Western Highlands province), Menyamya district (Morobe province); Kundiawa, Gembogl, Sinasina(-Yongomugl), Gumine, Chuave, Kerowagi, Karimui (-Nomane) districts (Chimbu province), Henganofi, Goroka (Unggai-Bena) districts (Eastern Highlands province), Rabaul, Kokopo districts (East New Britain province), Goilala district (Central province), Manus province	El nino	Cold wave	Yes	No	No			Km2				2015	5		2015	10		24		2520000		2520000					60000	79409	75.5579767689445	[{"adm1_code":2298,"adm1_name":"Manus"},{"adm2_code":37471,"adm2_name":"Goilala"},{"adm2_code":37475,"adm2_name":"Chuave"},{"adm2_code":37476,"adm2_name":"Gembogl"},{"adm2_code":37477,"adm2_name":"Gumine"},{"adm2_code":37478,"adm2_name":"Karimui"},{"adm2_code":37479,"adm2_name":"Kerowagi"},{"adm2_code":37480,"adm2_name":"Kundiawa"},{"adm2_code":37481,"adm2_name":"Sinasina"},{"adm2_code":37482,"adm2_name":"Kokopo"},{"adm2_code":37484,"adm2_name":"Rabaul"},{"adm2_code":37489,"adm2_name":"Goroka"},{"adm2_code":37490,"adm2_name":"Henganofi"},{"adm2_code":37495,"adm2_name":"Kandep"},{"adm2_code":37497,"adm2_name":"Lagaip"},{"adm2_code":37524,"adm2_name":"Menyamya"},{"adm2_code":37546,"adm2_name":"Ialibu"},{"adm2_code":37549,"adm2_name":"Mendi"},{"adm2_code":37551,"adm2_name":"Pangia"},{"adm2_code":37566,"adm2_name":"Tambul"}]	2015-09-09	2023-09-25
2015-9483-FJI	No	nat-cli-dro-dro	Natural	Climatological	Drought	Drought			FJI	Fiji	Melanesia	Oceania	NO DATA: all country selected	El NIno		No	No	No			Km2				2015	9		2015	10				67000		67000							75.5579767689445	[{"adm1_code":40187,"adm1_name":"Central"},{"adm1_code":40188,"adm1_name":"Eastern"},{"adm1_code":40189,"adm1_name":"Northern"},{"adm1_code":40190,"adm1_name":"Western"}]	2015-10-28	2023-09-25
2015-9483-SLB	No	nat-cli-dro-dro	Natural	Climatological	Drought	Drought			SLB	Solomon Islands	Melanesia	Oceania	Bellona, Rennell, Makira			No	No	No			Km2				2015			2015	12													75.5579767689445	[{"adm1_code":2687,"adm1_name":"Administrative unit not available"}]	2015-12-17	2023-09-25
2015-9483-TON	No	nat-cli-dro-dro	Natural	Climatological	Drought	Drought			TON	Tonga	Polynesia	Oceania	'Vava''u, Ha''apai, Tongatapu, Niuafo''ou, Niuatoputapu'	El NIno		No	No	Yes			Km2				2015	8		2015	12													75.5579767689445	[{"adm1_code":2976,"adm1_name":"Administrative unit not available"}]	2015-10-28	2023-09-25
2015-9483-WSM	No	nat-cli-dro-dro	Natural	Climatological	Drought	Drought			WSM	Samoa	Polynesia	Oceania	Upolu Isl., Savaii Isl.			No	No	Yes			Km2				2015	6		2015	12													75.5579767689445	[{"adm1_code":2618,"adm1_name":"Administrative unit not available"}]	2015-12-17	2023-09-25
2015-9496-MHL	No	nat-cli-dro-dro	Natural	Climatological	Drought	Drought			MHL	Marshall Islands	Micronesia	Oceania		El NIno, low precipitation		Yes	No	Yes			Km2				2015			2016	5				21000		21000					4900	6485	75.5579767689445	[{"adm2_code":19488,"adm2_name":"Administrative unit not available"}]	2016-12-15	2023-09-25
2015-9621-PLW	No	nat-cli-dro-dro	Natural	Climatological	Drought	Drought			PLW	Palau	Micronesia	Oceania		Poor rainfall, El Nino		Yes	No	No			Km2				2015	10		2016	3				14200		14200							75.5579767689445		2021-08-04	2023-09-25
2016-0004-TON	No	nat-met-sto-tro	Natural	Meteorological	Storm	Tropical cyclone		Cyclone Ulla	TON	Tonga	Polynesia	Oceania	'Vava''u, Ha''apai islands (Administrative unit not available)'			No	No	No		150	Kph				2016	1	2	2016	1	2			392		392							76.5112162038615	[{"adm1_code":2976,"adm1_name":"Administrative unit not available"}]	2016-01-12	2025-03-17
2016-0041-FJI	No	nat-met-sto-tro	Natural	Meteorological	Storm	Tropical cyclone	DFO:4329|GLIDE:TC-2016-000014	Cyclone Winston	FJI	Fiji	Melanesia	Oceania	Savusavu (Cakaudrove district, Northern province, Vanua Levu Isl. and Taveuni Isl.), Bua, Macuata districts (Northern province, Vanua Levu Isl.), Western, Central provinces (Viti Levu, Yasawa, Mamanuca Isl.), Lau district (Eastern province, Vanua Balavu, Nayau Isl.), Lomaiviti district (Eastern province, Koro Isl.)		Flood|Surge	Yes	Yes	Yes	41862		Kph				2016	2	20	2016	2	21	45	144	540414		540558			50000	65350	600000	784199	76.5112162038615	[{"adm2_code":40191,"adm2_name":"Naitasiri"},{"adm2_code":40192,"adm2_name":"Namosi"},{"adm2_code":40193,"adm2_name":"Rewa"},{"adm2_code":40194,"adm2_name":"Serua"},{"adm2_code":40195,"adm2_name":"Tailevu"},{"adm2_code":40197,"adm2_name":"Lau"},{"adm2_code":40198,"adm2_name":"Lomaiviti"},{"adm2_code":40200,"adm2_name":"Bua"},{"adm2_code":40201,"adm2_name":"Cakaudrove"},{"adm2_code":40202,"adm2_name":"Macuata"},{"adm2_code":40203,"adm2_name":"Ba"},{"adm2_code":40204,"adm2_name":"Nadroga \u0026 Navosa"},{"adm2_code":40205,"adm2_name":"Ra"}]	2016-02-22	2023-11-10
2016-0041-TON	No	nat-met-sto-tro	Natural	Meteorological	Storm	Tropical cyclone	DFO:4329|GLIDE:TC-2016-000014	Cyclone Winston	TON	Tonga	Polynesia	Oceania	Vava’u Isl.			No	No	No			Kph				2016	2	19	2016	2	19												76.5112162038615	[{"adm2_code":27407,"adm2_name":"Administrative unit not available"}]	2016-02-22	2023-09-25
2016-0141-FJI	No	nat-met-sto-tro	Natural	Meteorological	Storm	Tropical cyclone		Tropical cyclone Zena	FJI	Fiji	Melanesia	Oceania	Central, Western provinces (Viti Levu Isl.)		Flood	No	No	No			Kph				2016	4	4	2016	4	7	2		5000		5000							76.5112162038615	[{"adm1_code":40187,"adm1_name":"Central"},{"adm1_code":40190,"adm1_name":"Western"}]	2016-05-10	2023-09-25
2016-0141-TON	No	nat-met-sto-tro	Natural	Meteorological	Storm	Tropical cyclone		Tropical cyclone Zena	TON	Tonga	Polynesia	Oceania	'Eua, Tongatapu, Ha''apai, Tongatapu, ''Eua, Vava''u islands (Administrative unit not available)'			No	No	No			Kph				2016	4	7	2016	4	7												76.5112162038615	[{"adm1_code":2976,"adm1_name":"Administrative unit not available"}]	2016-12-07	2023-09-25
2016-0483-SLB	No	nat-geo-ear-gro	Natural	Geophysical	Earthquake	Ground movement	GLIDE:EQ-2016-000128		SLB	Solomon Islands	Melanesia	Oceania	Malaita, Makira-Ulawa, Temotu provinces		Tsunami/Tidal wave	No	No	No		7.8	Moment Magnitude	-10.676	161.33		2016	12	8	2016	12	8		1	9769		9770							76.5112162038615	[{"adm2_code":25652,"adm2_name":"Administrative unit not available"}]	2016-12-09	2023-09-25
2016-0579-PNG	No	nat-hyd-flo-flo	Natural	Hydrological	Flood	Flood (General)			PNG	Papua New Guinea	Melanesia	Oceania	Jiwaka, Morobe, and Simbu provinces	Heavy rains		Yes	No	No			Km2				2016	2		2016	2				6600		6600							76.5112162038615	[{"adm1_code":2300,"adm1_name":"Morobe"}]	2021-08-04	2023-09-25
2016-9495-FSM	No	nat-cli-dro-dro	Natural	Climatological	Drought	Drought			FSM	Micronesia (Federated States of)	Micronesia	Oceania	Yap, Chuuk regions			No	No	Yes			Km2				2016			2016	5				100000		100000							76.5112162038615	[{"adm2_code":21438,"adm2_name":"Administrative unit not available"}]	2016-12-15	2023-09-25
2017-0049-PYF	No	nat-hyd-flo-flo	Natural	Hydrological	Flood	Flood (General)			PYF	French Polynesia	Polynesia	Oceania	Tahiti, Moorea			No	No	Yes			Km2				2017	1	20	2017	1	23		4	4500	500	5004					2000	2559	78.1410017627676	[{"adm2_code":16355,"adm2_name":"Administrative unit not available"}]	2017-02-09	2023-09-25
2017-0231-VUT	No	nat-met-sto-tro	Natural	Meteorological	Storm	Tropical cyclone	GLIDE:TC-2017-000045	'Tropical cyclone ''Donna'''	VUT	Vanuatu	Melanesia	Oceania	Torba, Malampa, Sanma provinces			No	No	No		215	Kph				2017	5	7	2017	5	12			2564		2564							78.1410017627676	[{"adm1_code":3296,"adm1_name":"Malampa"},{"adm1_code":3298,"adm1_name":"Sanma"},{"adm1_code":3301,"adm1_name":"Torba"}]	2017-06-29	2023-09-25
2017-0394-VUT	No	nat-geo-vol-ash	Natural	Geophysical	Volcanic activity	Ash fall	GLIDE:VO-2017-000140	Mt Monaro	VUT	Vanuatu	Melanesia	Oceania	Ambae, Ni-Vanuatu island			No	No	Yes							2017	9	23	2017	10	2			11000		11000							78.1410017627676	[{"adm1_code":3297,"adm1_name":"Penama"}]	2017-09-28	2023-09-25
2018-0017-PNG	No	nat-geo-vol-vol	Natural	Geophysical	Volcanic activity	Volcanic activity (General)	GLIDE:VO-2018-000002		PNG	Papua New Guinea	Melanesia	Oceania	Manot, Taragauo, Dong Sarakbano, Niukatnam, Rumgio (Kadovar islands)			No	No	No							2018	1	5	2018	1	6			736		736							80.0495962559511	[{"adm2_code":37488,"adm2_name":"Wewak"}]	2018-01-18	2023-09-25
2018-0042-TON	No	nat-met-sto-tro	Natural	Meteorological	Storm	Tropical cyclone	GLIDE:TC-2018-000102	Cyclone Gita	TON	Tonga	Polynesia	Oceania	Tongatapu, Ha’apai and Eua islands		Flood	Yes	No	Yes		285	Kph				2018	2	12	2018	2	13			87000		87000							80.0495962559511	[{"adm2_code":27407,"adm2_name":"Administrative unit not available"}]	2018-02-20	2023-09-25
2018-0042-WSM	No	nat-met-sto-tro	Natural	Meteorological	Storm	Tropical cyclone	GLIDE:TC-2018-000102	Cyclone Gita	WSM	Samoa	Polynesia	Oceania			Flood	No	No	No			Kph				2018	2	12	2018	2	12												80.0495962559511	[{"adm1_code":2618,"adm1_name":"Administrative unit not available"}]	2018-02-20	2023-09-25
2018-0055-PNG	No	nat-geo-ear-gro	Natural	Geophysical	Earthquake	Ground movement	GLIDE:EQ-2018-000020		PNG	Papua New Guinea	Melanesia	Oceania	Southern Highlandsand Hela provinces		Slide (land, mud, snow, rock)	Yes	No	No		7.5	Moment Magnitude	-6.149	142.766		2018	2	26	2018	2	26	145	300	544000		544300					61000	76203	80.0495962559511	[{"adm1_code":2305,"adm1_name":"Southern Highlands"}]	2018-02-27	2023-09-25
2018-0101-FJI	No	nat-met-sto-tro	Natural	Meteorological	Storm	Tropical cyclone		'Cyclone ''Josie'''	FJI	Fiji	Melanesia	Oceania	Nadi		Flood	No	No	No		100	Kph				2018	4	2	2018	4	2	7		89950		89950					10000	12492	80.0495962559511	[{"adm2_code":40203,"adm2_name":"Ba"}]	2018-04-03	2025-03-18
2018-0147-VUT	No	nat-geo-vol-ash	Natural	Geophysical	Volcanic activity	Ash fall	GLIDE:VO-2018-000044	Aoba (Manaro Voui)	VUT	Vanuatu	Melanesia	Oceania	Ambae			No	No	Yes							2018	3		2018	5				6300		6300							80.0495962559511	[{"adm1_code":3297,"adm1_name":"Penama"}]	2018-05-22	2025-03-06
2018-0194-FJI	No	nat-met-sto-tro	Natural	Meteorological	Storm	Tropical cyclone	GLIDE:TC-2018-000037	'Tropical cyclone ''Keni'''	FJI	Fiji	Melanesia	Oceania	Sigatoka, Nadi, Lautoka, Ba, Tavua, Rakiraki, Nalawa, Labasa, Suva- Kadavu, Levuka, Savusavu			No	No	No			Kph				2018	4	9	2018	4	11			89250		89250					50000	62461	80.0495962559511	[{"adm2_code":40193,"adm2_name":"Rewa"},{"adm2_code":40195,"adm2_name":"Tailevu"},{"adm2_code":40196,"adm2_name":"Kadavu"},{"adm2_code":40201,"adm2_name":"Cakaudrove"},{"adm2_code":40202,"adm2_name":"Macuata"},{"adm2_code":40203,"adm2_name":"Ba"},{"adm2_code":40204,"adm2_name":"Nadroga \u0026 Navosa"},{"adm2_code":40205,"adm2_name":"Ra"}]	2018-07-12	2023-09-25
2018-0316-PNG	No	nat-geo-ear-gro	Natural	Geophysical	Earthquake	Ground movement			PNG	Papua New Guinea	Melanesia	Oceania	South Highlands			No	No	No			Moment Magnitude	-6.307	142.62		2018	3	5	2018	3	5	11											80.0495962559511	[{"adm1_code":2305,"adm1_name":"Southern Highlands"}]	2018-08-29	2023-09-25
2018-0317-PNG	No	nat-geo-ear-gro	Natural	Geophysical	Earthquake	Ground movement			PNG	Papua New Guinea	Melanesia	Oceania	Hela (South Highlands)			No	No	No		6.7	Moment Magnitude	-6.294	142.607		2018	3	7	2018	3	7	25											80.0495962559511	[{"adm1_code":2305,"adm1_name":"Southern Highlands"}]	2018-08-29	2023-09-25
2018-0399-MNP	No	nat-met-sto-tro	Natural	Meteorological	Storm	Tropical cyclone		'Typhoon ''Yutu'' (Rosita)'	MNP	Northern Mariana Islands	Micronesia	Oceania	Tinian, Saipan			No	No	No		290	Kph				2018	10	25	2018	10	25	2											80.0495962559511	[{"adm1_code":2243,"adm1_name":"Administrative unit not available"}]	2018-11-26	2023-09-25
2018-0456-VUT	No	nat-geo-vol-ash	Natural	Geophysical	Volcanic activity	Ash fall	GLIDE:VO-2018-000424	Ambryn	VUT	Vanuatu	Melanesia	Oceania	Malampa province		Earthquake	No	No	No							2018	12	15	2018	12	18			7286		7286							80.0495962559511	[{"adm1_code":3296,"adm1_name":"Malampa"}]	2019-01-02	2023-09-25
2018-0469-MHL	No	nat-met-sto-tro	Natural	Meteorological	Storm	Tropical cyclone	GLIDE:TC-2018-000427	'Tropical cyclone ''Penny'''	MHL	Marshall Islands	Micronesia	Oceania				No	No	Yes			Kph				2019	1	5	2019	1	5												81.5003094099149	[{"adm1_code":2002,"adm1_name":"Administrative unit not available"}]	2019-01-17	2023-09-25
2018-0469-SLB	No	nat-met-sto-tro	Natural	Meteorological	Storm	Tropical cyclone	GLIDE:TC-2018-000427	'Tropical cyclone ''Penny'''	SLB	Solomon Islands	Melanesia	Oceania	Malaita, Western, Guadalcana, Isabel, Makita provinces		Flood	No	No	No			Kph				2018	12	29	2018	12	29			1000		1000							80.0495962559511	[{"adm1_code":2687,"adm1_name":"Administrative unit not available"}]	2019-01-16	2023-09-25
2019-0098-PNG	No	nat-hyd-flo-fla	Natural	Hydrological	Flood	Flash flood			PNG	Papua New Guinea	Melanesia	Oceania	Gazelle, Pomio, Rabaul, Kokopo districts (East New Britain province)	Heavy rains	Slide (land, mud, snow, rock)	No	No	No			Km2				2019	2	11	2019	2	25	2			350	350							81.5003094099149	[{"adm1_code":2292,"adm1_name":"East New Britain"}]	2019-03-08	2024-10-25
2019-0124-FSM	No	nat-met-sto-tro	Natural	Meteorological	Storm	Tropical cyclone		'Cyclone ''Wutip'''	FSM	Micronesia (Federated States of)	Micronesia	Oceania	Chuuk, Pohnpei, Yap Isl.			Yes	No	Yes		100	Kph				2019	2	19	2019	2	22			10000		10000							81.5003094099149	[{"adm1_code":2060,"adm1_name":"Administrative unit not available"}]	2019-03-25	2023-09-25
2019-0158-PNG	No	nat-hyd-mmw-lan	Natural	Hydrological	Mass movement (wet)	Landslide (wet)			PNG	Papua New Guinea	Melanesia	Oceania	Tsak valley (Wapenamanda District, Enga Province, Highlands Region)	Heavy rains		No	No	No							2019	4	15	2019	4	15	10											81.5003094099149	[{"adm2_code":37500,"adm2_name":"Wapenamanda"}]	2019-04-18	2023-09-25
2019-0271-PNG	No	nat-geo-ear-gro	Natural	Geophysical	Earthquake	Ground movement			PNG	Papua New Guinea	Melanesia	Oceania	New Ireland, New Britain, Duke of York Islands			No	No	No		7.6	Moment Magnitude	-4.051	152.6		2019	5	14	2019	5	14		1	650		651							81.5003094099149	[{"adm1_code":2292,"adm1_name":"East New Britain"},{"adm1_code":2302,"adm1_name":"New Ireland"},{"adm1_code":2306,"adm1_name":"West New Britain"}]	2019-06-20	2023-09-25
2019-0298-PNG	No	nat-geo-vol-ash	Natural	Geophysical	Volcanic activity	Ash fall		Mount Ulawun and Manam	PNG	Papua New Guinea	Melanesia	Oceania	West New Britain			No	No	No							2019	6	28	2019	6	28			15800		15800							81.5003094099149	[{"adm1_code":2306,"adm1_name":"West New Britain"}]	2019-07-05	2023-09-25
2019-0642-FJI	No	nat-met-sto-tro	Natural	Meteorological	Storm	Tropical cyclone	GLIDE:TC-2019-000180	'Tropical cyclone ''Sarai'''	FJI	Fiji	Melanesia	Oceania	Ba, Nadroga, Lau, Kadavu			No	No	No			Kph				2019	12	26	2019	12	26	1		7780		7780							81.5003094099149	[{"adm2_code":40196,"adm2_name":"Kadavu"},{"adm2_code":40197,"adm2_name":"Lau"},{"adm2_code":40203,"adm2_name":"Ba"},{"adm2_code":40204,"adm2_name":"Nadroga \u0026 Navosa"}]	2020-01-03	2023-09-25
2020-0015-FJI	No	nat-met-sto-tro	Natural	Meteorological	Storm	Tropical cyclone		'Cyclone ''Tino'''	FJI	Fiji	Melanesia	Oceania	Viti Levu Island			No	No	No		155	Kph				2020	1	17	2020	1	18	2		3115		3115							82.5056838488024	[{"adm1_code":40187,"adm1_name":"Central"},{"adm1_code":40190,"adm1_name":"Western"}]	2020-01-20	2023-09-25
2020-0015-TUV	No	nat-met-sto-tro	Natural	Meteorological	Storm	Tropical cyclone		'Cyclone ''Tino'''	TUV	Tuvalu	Polynesia	Oceania				No	No	Yes			Kph				2020	1	18	2020	1	18			5500		5500							82.5056838488024	[{"adm1_code":3103,"adm1_name":"Administrative unit not available"}]	2020-02-03	2023-09-25
2020-0047-PNG	No	nat-hyd-flo-fla	Natural	Hydrological	Flood	Flash flood			PNG	Papua New Guinea	Melanesia	Oceania	Mul-Baiyer District (Western Highlinds Province)			No	No	No			Km2			Kuma River	2020	2	5	2020	2	6	7		200		200							82.5056838488024	[{"adm2_code":37564,"adm2_name":"Hagen North"}]	2020-02-06	2024-10-25
2020-0111-PNG	No	nat-hyd-flo-flo	Natural	Hydrological	Flood	Flood (General)			PNG	Papua New Guinea	Melanesia	Oceania	Western Highlands, Chimbu provinces	Heavy rains	Slide (land, mud, snow, rock)	No	No	No			Km2			Wahgi River	2020	3	21	2020	3	24	12		700		700							82.5056838488024	[{"adm1_code":2291,"adm1_name":"Chimbu"},{"adm1_code":2309,"adm1_name":"Western Highlands"}]	2020-03-26	2024-04-12
2020-0132-FJI	No	nat-met-sto-tro	Natural	Meteorological	Storm	Tropical cyclone	GLIDE:TC-2020-000049|GLIDE:TC-2020-000051	'Cyclone ''Harold'''	FJI	Fiji	Melanesia	Oceania	Kadavvu, Southern Lau, Matuku, Vatulele			No	No	No			Kph				2020	4	8	2020	4	9	1		180000		180000					13000	15756	82.5056838488024	[{"adm2_code":40196,"adm2_name":"Kadavu"},{"adm2_code":40197,"adm2_name":"Lau"},{"adm2_code":40204,"adm2_name":"Nadroga \u0026 Navosa"}]	2020-04-16	2023-09-25
2020-0132-SLB	No	nat-met-sto-tro	Natural	Meteorological	Storm	Tropical cyclone	GLIDE:TC-2020-000049|GLIDE:TC-2020-000051	'Cyclone ''Harold'''	SLB	Solomon Islands	Melanesia	Oceania	Espiritu Santo, Malakula, Ambae, Pentecost, Maewo Islands; Guadalcanal, Makira-Ulawa, and Rennell and Bellona provinces		Transport accident	No	No	No		215	Kph				2020	4	2	2020	4	3	48		150000		150000							82.5056838488024	[{"adm1_code":2687,"adm1_name":"Administrative unit not available"}]	2020-04-06	2024-04-12
2020-0132-TON	No	nat-met-sto-tro	Natural	Meteorological	Storm	Tropical cyclone	GLIDE:TC-2020-000049|GLIDE:TC-2020-000051	'Cyclone ''Harold'''	TON	Tonga	Polynesia	Oceania	'Tongatapu, ''Eua'			No	No	No		222	Kph				2020	4	6	2020	4	9			25000		25000					111000	134536	82.5056838488024	[{"adm1_code":2976,"adm1_name":"Administrative unit not available"}]	2020-04-16	2023-09-25
2020-0132-VUT	No	nat-met-sto-tro	Natural	Meteorological	Storm	Tropical cyclone	GLIDE:TC-2020-000049|GLIDE:TC-2020-000051	'Cyclone ''Harold'''	VUT	Vanuatu	Melanesia	Oceania	Pentecost, Espiritu Santo, Penama, Sanma, Malampa, Shefa, Torba			No	No	No		252	Kph				2020	4	6	2020	4	6	3	120	130000		130120							82.5056838488024	[{"adm1_code":3297,"adm1_name":"Penama"},{"adm1_code":3298,"adm1_name":"Sanma"}]	2020-04-16	2023-09-25
2020-0138-PNG	No	nat-hyd-flo-riv	Natural	Hydrological	Flood	Riverine flood			PNG	Papua New Guinea	Melanesia	Oceania	Moripi, Toaripi, Taure Lakekamu, Malalaua Urban, Kaipi Melaripi, Kerema Urban, Ihu East, Ihu West and Baimuru	Torrential rains		No	No	No			Km2			Rumu river	2020	4	4	2020	4	7			60000		60000							82.5056838488024		2020-04-08	2023-09-25
2020-0146-PNG	No	nat-hyd-mmw-lan	Natural	Hydrological	Mass movement (wet)	Landslide (wet)			PNG	Papua New Guinea	Melanesia	Oceania	Kundiawa-Gembogl District, Chimbu Province	Heavy rains		No	No	No							2020	4	10	2020	4	10	10		100		100							82.5056838488024	[{"adm2_code":37476,"adm2_name":"Gembogl"},{"adm2_code":37480,"adm2_name":"Kundiawa"}]	2020-04-16	2023-09-25
2020-0554-FJI	No	nat-met-sto-tro	Natural	Meteorological	Storm	Tropical cyclone	GLIDE:TC-2020-000238	'Cyclone ''Yasa'''	FJI	Fiji	Melanesia	Oceania	Lau group, Vanua Levu, Taveuni, Kadavu		Flood|Slide (land, mud, snow, rock)	Yes	No	Yes			Kph				2020	12	17	2020	12	18	5		22000		22000					1120	1357	82.5056838488024	[{"adm2_code":40196,"adm2_name":"Kadavu"},{"adm2_code":40197,"adm2_name":"Lau"},{"adm2_code":40200,"adm2_name":"Bua"},{"adm2_code":40201,"adm2_name":"Cakaudrove"},{"adm2_code":40202,"adm2_name":"Macuata"}]	2020-12-18	2023-11-10
2020-0571-PNG	No	nat-hyd-mmw-lan	Natural	Hydrological	Mass movement (wet)	Landslide (wet)			PNG	Papua New Guinea	Melanesia	Oceania	Saki village (Goilala district)	Heavy rains		No	No	No							2020	12	29	2020	12	30	13											82.5056838488024	[{"adm2_code":37471,"adm2_name":"Goilala"}]	2021-01-04	2023-09-25
2021-0070-FJI	No	nat-met-sto-tro	Natural	Meteorological	Storm	Tropical cyclone		'Tropical cyclone ''Ana'''	FJI	Fiji	Melanesia	Oceania	Viti levu			No	No	No		140	Kph				2021	1	30	2021	1	31	6		82751		82751					10000	11577	86.3816569410958	[{"adm2_code":40191,"adm2_name":"Naitasiri"},{"adm2_code":40192,"adm2_name":"Namosi"},{"adm2_code":40193,"adm2_name":"Rewa"},{"adm2_code":40194,"adm2_name":"Serua"},{"adm2_code":40195,"adm2_name":"Tailevu"},{"adm2_code":40203,"adm2_name":"Ba"},{"adm2_code":40204,"adm2_name":"Nadroga \u0026 Navosa"},{"adm2_code":40205,"adm2_name":"Ra"}]	2021-02-08	2023-09-25
2021-0125-NCL	No	nat-met-sto-tro	Natural	Meteorological	Storm	Tropical cyclone		'Tropial cylone ''Niran'''	NCL	New Caledonia	Melanesia	Oceania				No	No	No			Kph				2021	3	5	2021	3	7												86.3816569410958	[{"adm1_code":2170,"adm1_name":"Administrative unit not available"}]	2021-04-12	2023-09-25
2021-0236-PLW	No	nat-met-sto-tro	Natural	Meteorological	Storm	Tropical cyclone	GLIDE:TC-2021-000040	'Tropical cyclone ''Surigae'''	PLW	Palau	Micronesia	Oceania	Anguar, Peleliu, Kayangel, Koror		Surge	Yes	No	No		136	Kph				2021	4	13	2021	4	16			7288		7288							86.3816569410958	[{"adm1_code":2278,"adm1_name":"Administrative unit not available"}]	2021-07-27	2023-09-25
2021-0847-VUT	No	nat-geo-vol-ash	Natural	Geophysical	Volcanic activity	Ash fall	GLIDE:VO-2021-000174	'Volcano ''Yasur'''	VUT	Vanuatu	Melanesia	Oceania				No	No	No							2021	10	21	2021	10	22			3383		3383							86.3816569410958		2022-03-02	2023-09-25
2021-9547-TUV	No	nat-cli-dro-dro	Natural	Climatological	Drought	Drought	GLIDE:DR-2021-000120		TUV	Tuvalu	Polynesia	Oceania	Funafuti with Nukufetau (central); Nanumea, Nanumaga, Niutao, Nui, Vaitupu (northern)			No	No	No			Km2				2021	1		2021	6				10204		10204							86.3816569410958	[{"adm1_code":3103,"adm1_name":"Administrative unit not available"}]	2021-08-27	2023-09-25
2022-0013-FJI	No	nat-met-sto-tro	Natural	Meteorological	Storm	Tropical cyclone		'Tropical storm ''Cody'''	FJI	Fiji	Melanesia	Oceania	Tavua Town, Nadi City (Viti Levu)		Flood	No	No	No		74	Kph				2022	1	8	2022	1	11	1		69564		69564					25000	26797	93.29460735164	[{"adm2_code":40203,"adm2_name":"Ba"}]	2022-01-12	2025-03-18
2022-0026-TON	No	nat-geo-vol-ash	Natural	Geophysical	Volcanic activity	Ash fall	GLIDE:VO-2022-000005	'Hunga-Tonga-Hunga-Ha''apai'	TON	Tonga	Polynesia	Oceania	Hunga Tonga-Hunga Ha’apai; Nuku’alofa; Uoleva; Uiha and Nomuka		Tsunami/Tidal wave	No	Yes	Yes							2022	1	15	2022	1	15	4		84176		84176					118000	126481	93.29460735164	[{"adm1_code":2976,"adm1_name":"Administrative unit not available"}]	2022-01-19	2024-04-23
2022-0592-PNG	No	nat-geo-ear-gro	Natural	Geophysical	Earthquake	Ground movement	GLIDE:EQ-2022-000308		PNG	Papua New Guinea	Melanesia	Oceania	Morobe, Padang, Es provinces			No	No	No		7.6	Moment Magnitude	-6.256	146.469		2022	9	13	2022	9	13	7	24		1945	1969							93.29460735164		2022-09-13	2025-03-04
2022-9123-MHL	No	nat-cli-dro-dro	Natural	Climatological	Drought	Drought	GLIDE:DR-2022-000176		MHL	Marshall Islands	Micronesia	Oceania	Aur, Ailinglaplap, Ailuk, Jabot, Jaluit, Lae, Lib, Likiep, Maloelap, Mejit, Mejjato/Ebadon, Namdrik, Namu, Utrok, Ujae, Wotho, Wotje			No	No	No			Km2				2022	1		2022	3				4480		4480							93.29460735164		2022-03-02	2023-09-26
2023-0119-VUT	No	nat-met-sto-tro	Natural	Meteorological	Storm	Tropical cyclone	GLIDE:EC-2023-000028	'Tropical cyclone ''Judy'''	VUT	Vanuatu	Melanesia	Oceania	Shefa and Tafea Provinces			No	No	No			Kph				2023	2	28	2023	3	3			251346		251346							97.1349926368752	[{"adm1_code":3299,"adm1_name":"Shefa"},{"adm1_code":3300,"adm1_name":"Tafea"}]	2023-03-06	2025-03-18
2023-0128-VUT	No	nat-met-sto-tro	Natural	Meteorological	Storm	Tropical cyclone	GLIDE:TC-2023-000030	'Tropical cyclone ''Kevin'''	VUT	Vanuatu	Melanesia	Oceania	Sanma, Penama, Malampa, Shefa and Tafea Provinces			No	No	Yes			Kph				2023	3	2	2023	3	4			251356		251356							97.1349926368752	[{"adm1_code":3296,"adm1_name":"Malampa"},{"adm1_code":3297,"adm1_name":"Penama"},{"adm1_code":3298,"adm1_name":"Sanma"},{"adm1_code":3299,"adm1_name":"Shefa"},{"adm1_code":3300,"adm1_name":"Tafea"}]	2023-03-15	2023-09-26
2023-0189-PNG	No	nat-geo-ear-gro	Natural	Geophysical	Earthquake	Ground movement			PNG	Papua New Guinea	Melanesia	Oceania	East Sepik Province			No	No	No		7	Moment Magnitude	-4.326	143.159		2023	4	2	2023	4	2	8	11	13635	2628	16274							97.1349926368752	[{"adm1_code":2293,"adm1_name":"East Sepik"}]	2023-04-03	2025-03-18
2023-0300-GUM	No	nat-met-sto-tro	Natural	Meteorological	Storm	Tropical cyclone		'Typhoon ''Mawar'''	GUM	Guam	Micronesia	Oceania			Flood	No	No	Yes		295	Kph				2023	5	24	2023	5	25	2		100000		100000					4300000	4426829	97.1349926368752		2023-06-13	2025-03-18
2023-0680-SLB	No	nat-met-sto-tro	Natural	Meteorological	Storm	Tropical cyclone	GLIDE:TC-2023-000207	'Tropical cyclone ''Lola'''	SLB	Solomon Islands	Melanesia	Oceania				No	No	No			Kph				2023	10	24	2023	10	25			22319		22319							97.1349926368752		2023-11-03	2023-11-03
2023-0680-VUT	No	nat-met-sto-tro	Natural	Meteorological	Storm	Tropical cyclone	GLIDE:TC-2023-000207	'Tropical cyclone ''Lola'''	VUT	Vanuatu	Melanesia	Oceania	Penama, Malampa, Sanma, Shefa and Torba Provinces; Pentecost Island (Penama Province)		Flood|Slide (land, mud, snow, rock)	No	No	Yes		205	Kph				2023	10	24	2023	10	25			91000		91000							97.1349926368752		2023-10-30	2024-07-18
2023-0811-FJI	No	nat-met-sto-tro	Natural	Meteorological	Storm	Tropical cyclone	GLIDE:TC-2023-000219	'Tropical cyclone ''Mal'''	FJI	Fiji	Melanesia	Oceania	Central, Eastern, Northern, Western, Rotuma		Flood|Slide (land, mud, snow, rock)	No	No	No			Kph				2023	11	14	2023	11	15			230000		230000							97.1349926368752		2023-11-28	2023-12-19
2023-9873-FSM	No	nat-cli-dro-dro	Natural	Climatological	Drought	Drought	GLIDE:DR-2023-000130		FSM	Micronesia (Federated States of)	Micronesia	Oceania	Chuuk, Kosrae, Pohnpei, Yap	El Nino		No	No	Yes			Km2				2023	9		2024	3				113000		113000							97.1349926368752		2024-02-13	2024-04-03
2024-0073-MHL	No	nat-met-sto-sur	Natural	Meteorological	Storm	Storm surge	GLIDE:SS-2024-000006		MHL	Marshall Islands	Micronesia	Oceania	Ratak Chain, Ralik Chain		Flood	No	No	No			Kph				2024	1	22	2024	1	22			19532		19532							100		2024-02-12	2024-04-03
2024-0140-PNG	No	nat-hyd-mmw-lan	Natural	Hydrological	Mass movement (wet)	Landslide (wet)			PNG	Papua New Guinea	Melanesia	Oceania	Chimbu Province; Lese Kavora (Gulf Province)	Heavy rains	Flood	No	No	No							2024	3	18	2024	3	21	23									60000	60000	100		2024-03-22	2024-05-02
2024-0153-PNG	No	nat-geo-ear-gro	Natural	Geophysical	Earthquake	Ground movement			PNG	Papua New Guinea	Melanesia	Oceania	Ambunti-Dreikikir, Angoram and Wosera-Gaui (East Sepik Province)		Slide (land, mud, snow, rock)	No	No	No		6.9	Moment Magnitude	-4.139	143.159		2024	3	20	2024	3	20	5	2		5000	5002							100		2024-03-27	2024-07-29
2024-0303-PNG	No	nat-hyd-mmw-lan	Natural	Hydrological	Mass movement (wet)	Landslide (wet)	GLIDE:LS-2024-000080		PNG	Papua New Guinea	Melanesia	Oceania	Enga Region	Heavy rains		No	No	No							2024	5	23	2024	5	24	670		7849		7849							100		2024-06-04	2025-03-03
2024-0911-VUT	No	nat-geo-ear-gro	Natural	Geophysical	Earthquake	Ground movement	GLIDE:EQ-2024-000227		VUT	Vanuatu	Melanesia	Oceania			Slide (land, mud, snow, rock)|Tsunami/Tidal wave	No	No	Yes		7.3	Moment Magnitude	-17.686	168.034		2024	12	17	2024	12	17	14	265	80000		80265					100000	100000	100		2024-12-17	2025-03-18
2024-9135-MHL	No	nat-cli-dro-dro	Natural	Climatological	Drought	Drought	GLIDE:DR-2024-000016		MHL	Marshall Islands	Micronesia	Oceania	Ratak Chain, Ralik Chain			No	No	No			Km2				2024	1		2024	3				13924		13924							100	[{"adm1_code":2002,"adm1_name":"Administrative unit not available"}]	2024-03-13	2024-08-01
