STRUCTURE,STRUCTURE_ID,STRUCTURE_NAME,ACTION,FREQ,Frequency,GEO_PICT,Pacific Island Countries and territories,INDICATOR,Indicator,TIME_PERIOD,Time,OBS_VALUE,Observation value,UNIT_MEASURE,Unit of measure,UNIT_MULT,Unit multiplier,OBS_STATUS,Observation Status,DATA_SOURCE,Data source,OBS_COMMENT,Comment
DATAFLOW,SPC:DF_WBWDI(1.0),Selection of World Bank World Development Indicators (WB WDI) for Pacific Island Countries and Territories,I,A,Annual,WS,Samoa,NV_AGR_TOTL_ZS,Agriculture value added (% of GDP),2016,,8.64,,,,,,,,,,,
DATAFLOW,SPC:DF_WBWDI(1.0),Selection of World Bank World Development Indicators (WB WDI) for Pacific Island Countries and Territories,I,A,Annual,WS,Samoa,NV_AGR_TOTL_ZS,Agriculture value added (% of GDP),2017,,9.91,,,,,,,,,,,
DATAFLOW,SPC:DF_WBWDI(1.0),Selection of World Bank World Development Indicators (WB WDI) for Pacific Island Countries and Territories,I,A,Annual,WS,Samoa,NV_AGR_TOTL_ZS,Agriculture value added (% of GDP),2018,,9.15,,,,,,,,,,,
DATAFLOW,SPC:DF_WBWDI(1.0),Selection of World Bank World Development Indicators (WB WDI) for Pacific Island Countries and Territories,I,A,Annual,WS,Samoa,NV_AGR_TOTL_ZS,Agriculture value added (% of GDP),2019,,9.1,,,,,,,,,,,
DATAFLOW,SPC:DF_WBWDI(1.0),Selection of World Bank World Development Indicators (WB WDI) for Pacific Island Countries and Territories,I,A,Annual,WS,Samoa,NV_AGR_TOTL_ZS,Agriculture value added (% of GDP),2020,,9.54,,,,,,,,,,,
DATAFLOW,SPC:DF_WBWDI(1.0),Selection of World Bank World Development Indicators (WB WDI) for Pacific Island Countries and Territories,I,A,Annual,WS,Samoa,NV_AGR_TOTL_ZS,Agriculture value added (% of GDP),2021,,9.85,,,,,,,,,,,
DATAFLOW,SPC:DF_WBWDI(1.0),Selection of World Bank World Development Indicators (WB WDI) for Pacific Island Countries and Territories,I,A,Annual,WS,Samoa,NV_AGR_TOTL_ZS,Agriculture value added (% of GDP),2022,,9.99,,,,,,,,,,,
DATAFLOW,SPC:DF_WBWDI(1.0),Selection of World Bank World Development Indicators (WB WDI) for Pacific Island Countries and Territories,I,A,Annual,WS,Samoa,NV_AGR_TOTL_ZS,Agriculture value added (% of GDP),2023,,11.02,,,,,,,,,,,
DATAFLOW,SPC:DF_WBWDI(1.0),Selection of World Bank World Development Indicators (WB WDI) for Pacific Island Countries and Territories,I,A,Annual,TO,Tonga,NV_AGR_TOTL_ZS,Agriculture value added (% of GDP),2016,,16.62,,,,,,,,,,,
DATAFLOW,SPC:DF_WBWDI(1.0),Selection of World Bank World Development Indicators (WB WDI) for Pacific Island Countries and Territories,I,A,Annual,TO,Tonga,NV_AGR_TOTL_ZS,Agriculture value added (% of GDP),2017,,16.81,,,,,,,,,,,
DATAFLOW,SPC:DF_WBWDI(1.0),Selection of World Bank World Development Indicators (WB WDI) for Pacific Island Countries and Territories,I,A,Annual,TO,Tonga,NV_AGR_TOTL_ZS,Agriculture value added (% of GDP),2018,,17.07,,,,,,,,,,,
DATAFLOW,SPC:DF_WBWDI(1.0),Selection of World Bank World Development Indicators (WB WDI) for Pacific Island Countries and Territories,I,A,Annual,TO,Tonga,NV_AGR_TOTL_ZS,Agriculture value added (% of GDP),2019,,19.64,,,,,,,,,,,
DATAFLOW,SPC:DF_WBWDI(1.0),Selection of World Bank World Development Indicators (WB WDI) for Pacific Island Countries and Territories,I,A,Annual,TO,Tonga,NV_AGR_TOTL_ZS,Agriculture value added (% of GDP),2020,,17.81,,,,,,,,,,,
DATAFLOW,SPC:DF_WBWDI(1.0),Selection of World Bank World Development Indicators (WB WDI) for Pacific Island Countries and Territories,I,A,Annual,TO,Tonga,NV_AGR_TOTL_ZS,Agriculture value added (% of GDP),2021,,16.32,,,,,,,,,,,
DATAFLOW,SPC:DF_WBWDI(1.0),Selection of World Bank World Development Indicators (WB WDI) for Pacific Island Countries and Territories,I,A,Annual,PG,Papua New Guinea,NV_AGR_TOTL_ZS,Agriculture value added (% of GDP),2016,,17.87,,,,,,,,,,,
DATAFLOW,SPC:DF_WBWDI(1.0),Selection of World Bank World Development Indicators (WB WDI) for Pacific Island Countries and Territories,I,A,Annual,PG,Papua New Guinea,NV_AGR_TOTL_ZS,Agriculture value added (% of GDP),2017,,17.65,,,,,,,,,,,
DATAFLOW,SPC:DF_WBWDI(1.0),Selection of World Bank World Development Indicators (WB WDI) for Pacific Island Countries and Territories,I,A,Annual,PG,Papua New Guinea,NV_AGR_TOTL_ZS,Agriculture value added (% of GDP),2018,,16.97,,,,,,,,,,,
DATAFLOW,SPC:DF_WBWDI(1.0),Selection of World Bank World Development Indicators (WB WDI) for Pacific Island Countries and Territories,I,A,Annual,PG,Papua New Guinea,NV_AGR_TOTL_ZS,Agriculture value added (% of GDP),2019,,16.98,,,,,,,,,,,
DATAFLOW,SPC:DF_WBWDI(1.0),Selection of World Bank World Development Indicators (WB WDI) for Pacific Island Countries and Territories,I,A,Annual,PG,Papua New Guinea,NV_AGR_TOTL_ZS,Agriculture value added (% of GDP),2020,,18.76,,,,,,,,,,,
DATAFLOW,SPC:DF_WBWDI(1.0),Selection of World Bank World Development Indicators (WB WDI) for Pacific Island Countries and Territories,I,A,Annual,PG,Papua New Guinea,NV_AGR_TOTL_ZS,Agriculture value added (% of GDP),2021,,18.99,,,,,,,,,,,
DATAFLOW,SPC:DF_WBWDI(1.0),Selection of World Bank World Development Indicators (WB WDI) for Pacific Island Countries and Territories,I,A,Annual,PG,Papua New Guinea,NV_AGR_TOTL_ZS,Agriculture value added (% of GDP),2022,,16.93,,,,,,,,,,,
DATAFLOW,SPC:DF_WBWDI(1.0),Selection of World Bank World Development Indicators (WB WDI) for Pacific Island Countries and Territories,I,A,Annual,WS,Samoa,SL_IND_EMPL_ZS,Employment in industry (% of total employment) (modeled ILO estimate),2016,,15.32,,,,,,,,,,,
DATAFLOW,SPC:DF_WBWDI(1.0),Selection of World Bank World Development Indicators (WB WDI) for Pacific Island Countries and Territories,I,A,Annual,WS,Samoa,SL_IND_EMPL_ZS,Employment in industry (% of total employment) (modeled ILO estimate),2017,,15.4,,,,,,,,,,,
DATAFLOW,SPC:DF_WBWDI(1.0),Selection of World Bank World Development Indicators (WB WDI) for Pacific Island Countries and Territories,I,A,Annual,WS,Samoa,SL_IND_EMPL_ZS,Employment in industry (% of total employment) (modeled ILO estimate),2018,,15.5,,,,,,,,,,,
DATAFLOW,SPC:DF_WBWDI(1.0),Selection of World Bank World Development Indicators (WB WDI) for Pacific Island Countries and Territories,I,A,Annual,WS,Samoa,SL_IND_EMPL_ZS,Employment in industry (% of total employment) (modeled ILO estimate),2019,,15.93,,,,,,,,,,,
DATAFLOW,SPC:DF_WBWDI(1.0),Selection of World Bank World Development Indicators (WB WDI) for Pacific Island Countries and Territories,I,A,Annual,WS,Samoa,SL_IND_EMPL_ZS,Employment in industry (% of total employment) (modeled ILO estimate),2020,,15.99,,,,,,,,,,,
DATAFLOW,SPC:DF_WBWDI(1.0),Selection of World Bank World Development Indicators (WB WDI) for Pacific Island Countries and Territories,I,A,Annual,WS,Samoa,SL_IND_EMPL_ZS,Employment in industry (% of total employment) (modeled ILO estimate),2021,,16.26,,,,,,,,,,,
DATAFLOW,SPC:DF_WBWDI(1.0),Selection of World Bank World Development Indicators (WB WDI) for Pacific Island Countries and Territories,I,A,Annual,WS,Samoa,SL_IND_EMPL_ZS,Employment in industry (% of total employment) (modeled ILO estimate),2022,,16.26,,,,,,,,,,,
DATAFLOW,SPC:DF_WBWDI(1.0),Selection of World Bank World Development Indicators (WB WDI) for Pacific Island Countries and Territories,I,A,Annual,VU,Vanuatu,SL_SRV_EMPL_ZS,Employment in services (% of total employment) (modeled ILO estimate),2016,,38.47,,,,,,,,,,,
DATAFLOW,SPC:DF_WBWDI(1.0),Selection of World Bank World Development Indicators (WB WDI) for Pacific Island Countries and Territories,I,A,Annual,VU,Vanuatu,SL_SRV_EMPL_ZS,Employment in services (% of total employment) (modeled ILO estimate),2017,,39.56,,,,,,,,,,,
DATAFLOW,SPC:DF_WBWDI(1.0),Selection of World Bank World Development Indicators (WB WDI) for Pacific Island Countries and Territories,I,A,Annual,VU,Vanuatu,SL_SRV_EMPL_ZS,Employment in services (% of total employment) (modeled ILO estimate),2018,,41.21,,,,,,,,,,,
DATAFLOW,SPC:DF_WBWDI(1.0),Selection of World Bank World Development Indicators (WB WDI) for Pacific Island Countries and Territories,I,A,Annual,VU,Vanuatu,SL_SRV_EMPL_ZS,Employment in services (% of total employment) (modeled ILO estimate),2019,,42.83,,,,,,,,,,,
DATAFLOW,SPC:DF_WBWDI(1.0),Selection of World Bank World Development Indicators (WB WDI) for Pacific Island Countries and Territories,I,A,Annual,VU,Vanuatu,SL_SRV_EMPL_ZS,Employment in services (% of total employment) (modeled ILO estimate),2020,,44.66,,,,,,,,,,,
DATAFLOW,SPC:DF_WBWDI(1.0),Selection of World Bank World Development Indicators (WB WDI) for Pacific Island Countries and Territories,I,A,Annual,VU,Vanuatu,SL_SRV_EMPL_ZS,Employment in services (% of total employment) (modeled ILO estimate),2021,,45.45,,,,,,,,,,,
DATAFLOW,SPC:DF_WBWDI(1.0),Selection of World Bank World Development Indicators (WB WDI) for Pacific Island Countries and Territories,I,A,Annual,VU,Vanuatu,SL_SRV_EMPL_ZS,Employment in services (% of total employment) (modeled ILO estimate),2022,,46.42,,,,,,,,,,,
DATAFLOW,SPC:DF_WBWDI(1.0),Selection of World Bank World Development Indicators (WB WDI) for Pacific Island Countries and Territories,I,A,Annual,NC,New Caledonia,SL_IND_EMPL_ZS,Employment in industry (% of total employment) (modeled ILO estimate),2016,,24.88,,,,,,,,,,,
DATAFLOW,SPC:DF_WBWDI(1.0),Selection of World Bank World Development Indicators (WB WDI) for Pacific Island Countries and Territories,I,A,Annual,NC,New Caledonia,SL_IND_EMPL_ZS,Employment in industry (% of total employment) (modeled ILO estimate),2017,,25.09,,,,,,,,,,,
DATAFLOW,SPC:DF_WBWDI(1.0),Selection of World Bank World Development Indicators (WB WDI) for Pacific Island Countries and Territories,I,A,Annual,NC,New Caledonia,SL_IND_EMPL_ZS,Employment in industry (% of total employment) (modeled ILO estimate),2018,,22.14,,,,,,,,,,,
DATAFLOW,SPC:DF_WBWDI(1.0),Selection of World Bank World Development Indicators (WB WDI) for Pacific Island Countries and Territories,I,A,Annual,NC,New Caledonia,SL_IND_EMPL_ZS,Employment in industry (% of total employment) (modeled ILO estimate),2019,,22.21,,,,,,,,,,,
DATAFLOW,SPC:DF_WBWDI(1.0),Selection of World Bank World Development Indicators (WB WDI) for Pacific Island Countries and Territories,I,A,Annual,NC,New Caledonia,SL_IND_EMPL_ZS,Employment in industry (% of total employment) (modeled ILO estimate),2020,,22.01,,,,,,,,,,,
DATAFLOW,SPC:DF_WBWDI(1.0),Selection of World Bank World Development Indicators (WB WDI) for Pacific Island Countries and Territories,I,A,Annual,NC,New Caledonia,SL_IND_EMPL_ZS,Employment in industry (% of total employment) (modeled ILO estimate),2021,,22.5,,,,,,,,,,,
DATAFLOW,SPC:DF_WBWDI(1.0),Selection of World Bank World Development Indicators (WB WDI) for Pacific Island Countries and Territories,I,A,Annual,NC,New Caledonia,SL_IND_EMPL_ZS,Employment in industry (% of total employment) (modeled ILO estimate),2022,,22.38,,,,,,,,,,,
DATAFLOW,SPC:DF_WBWDI(1.0),Selection of World Bank World Development Indicators (WB WDI) for Pacific Island Countries and Territories,I,A,Annual,FM,Micronesia (Federated States of),NV_AGR_TOTL_ZS,Agriculture value added (% of GDP),2016,,27.17,,,,,,,,,,,
DATAFLOW,SPC:DF_WBWDI(1.0),Selection of World Bank World Development Indicators (WB WDI) for Pacific Island Countries and Territories,I,A,Annual,FM,Micronesia (Federated States of),NV_AGR_TOTL_ZS,Agriculture value added (% of GDP),2017,,27.63,,,,,,,,,,,
DATAFLOW,SPC:DF_WBWDI(1.0),Selection of World Bank World Development Indicators (WB WDI) for Pacific Island Countries and Territories,I,A,Annual,FM,Micronesia (Federated States of),NV_AGR_TOTL_ZS,Agriculture value added (% of GDP),2018,,22.51,,,,,,,,,,,
DATAFLOW,SPC:DF_WBWDI(1.0),Selection of World Bank World Development Indicators (WB WDI) for Pacific Island Countries and Territories,I,A,Annual,FM,Micronesia (Federated States of),NV_AGR_TOTL_ZS,Agriculture value added (% of GDP),2019,,23.25,,,,,,,,,,,
DATAFLOW,SPC:DF_WBWDI(1.0),Selection of World Bank World Development Indicators (WB WDI) for Pacific Island Countries and Territories,I,A,Annual,FM,Micronesia (Federated States of),NV_AGR_TOTL_ZS,Agriculture value added (% of GDP),2020,,22.1,,,,,,,,,,,
DATAFLOW,SPC:DF_WBWDI(1.0),Selection of World Bank World Development Indicators (WB WDI) for Pacific Island Countries and Territories,I,A,Annual,FM,Micronesia (Federated States of),NV_AGR_TOTL_ZS,Agriculture value added (% of GDP),2021,,22.28,,,,,,,,,,,
DATAFLOW,SPC:DF_WBWDI(1.0),Selection of World Bank World Development Indicators (WB WDI) for Pacific Island Countries and Territories,I,A,Annual,FM,Micronesia (Federated States of),NV_AGR_TOTL_ZS,Agriculture value added (% of GDP),2022,,22.47,,,,,,,,,,,
DATAFLOW,SPC:DF_WBWDI(1.0),Selection of World Bank World Development Indicators (WB WDI) for Pacific Island Countries and Territories,I,A,Annual,FM,Micronesia (Federated States of),NV_AGR_TOTL_ZS,Agriculture value added (% of GDP),2023,,22.47,,,,,,,,,,,
DATAFLOW,SPC:DF_WBWDI(1.0),Selection of World Bank World Development Indicators (WB WDI) for Pacific Island Countries and Territories,I,A,Annual,SB,Solomon Islands,SL_SRV_EMPL_ZS,Employment in services (% of total employment) (modeled ILO estimate),2016,,49.92,,,,,,,,,,,
DATAFLOW,SPC:DF_WBWDI(1.0),Selection of World Bank World Development Indicators (WB WDI) for Pacific Island Countries and Territories,I,A,Annual,SB,Solomon Islands,SL_SRV_EMPL_ZS,Employment in services (% of total employment) (modeled ILO estimate),2017,,50.56,,,,,,,,,,,
DATAFLOW,SPC:DF_WBWDI(1.0),Selection of World Bank World Development Indicators (WB WDI) for Pacific Island Countries and Territories,I,A,Annual,SB,Solomon Islands,SL_SRV_EMPL_ZS,Employment in services (% of total employment) (modeled ILO estimate),2018,,50.37,,,,,,,,,,,
DATAFLOW,SPC:DF_WBWDI(1.0),Selection of World Bank World Development Indicators (WB WDI) for Pacific Island Countries and Territories,I,A,Annual,SB,Solomon Islands,SL_SRV_EMPL_ZS,Employment in services (% of total employment) (modeled ILO estimate),2019,,50.86,,,,,,,,,,,
DATAFLOW,SPC:DF_WBWDI(1.0),Selection of World Bank World Development Indicators (WB WDI) for Pacific Island Countries and Territories,I,A,Annual,SB,Solomon Islands,SL_SRV_EMPL_ZS,Employment in services (% of total employment) (modeled ILO estimate),2020,,50.64,,,,,,,,,,,
DATAFLOW,SPC:DF_WBWDI(1.0),Selection of World Bank World Development Indicators (WB WDI) for Pacific Island Countries and Territories,I,A,Annual,SB,Solomon Islands,SL_SRV_EMPL_ZS,Employment in services (% of total employment) (modeled ILO estimate),2021,,50.73,,,,,,,,,,,
DATAFLOW,SPC:DF_WBWDI(1.0),Selection of World Bank World Development Indicators (WB WDI) for Pacific Island Countries and Territories,I,A,Annual,SB,Solomon Islands,SL_SRV_EMPL_ZS,Employment in services (% of total employment) (modeled ILO estimate),2022,,51.31,,,,,,,,,,,
DATAFLOW,SPC:DF_WBWDI(1.0),Selection of World Bank World Development Indicators (WB WDI) for Pacific Island Countries and Territories,I,A,Annual,TO,Tonga,SL_IND_EMPL_ZS,Employment in industry (% of total employment) (modeled ILO estimate),2016,,26.4,,,,,,,,,,,
DATAFLOW,SPC:DF_WBWDI(1.0),Selection of World Bank World Development Indicators (WB WDI) for Pacific Island Countries and Territories,I,A,Annual,TO,Tonga,SL_IND_EMPL_ZS,Employment in industry (% of total employment) (modeled ILO estimate),2017,,26.36,,,,,,,,,,,
DATAFLOW,SPC:DF_WBWDI(1.0),Selection of World Bank World Development Indicators (WB WDI) for Pacific Island Countries and Territories,I,A,Annual,TO,Tonga,SL_IND_EMPL_ZS,Employment in industry (% of total employment) (modeled ILO estimate),2018,,26.1,,,,,,,,,,,
DATAFLOW,SPC:DF_WBWDI(1.0),Selection of World Bank World Development Indicators (WB WDI) for Pacific Island Countries and Territories,I,A,Annual,TO,Tonga,SL_IND_EMPL_ZS,Employment in industry (% of total employment) (modeled ILO estimate),2019,,26.57,,,,,,,,,,,
DATAFLOW,SPC:DF_WBWDI(1.0),Selection of World Bank World Development Indicators (WB WDI) for Pacific Island Countries and Territories,I,A,Annual,TO,Tonga,SL_IND_EMPL_ZS,Employment in industry (% of total employment) (modeled ILO estimate),2020,,26.9,,,,,,,,,,,
DATAFLOW,SPC:DF_WBWDI(1.0),Selection of World Bank World Development Indicators (WB WDI) for Pacific Island Countries and Territories,I,A,Annual,TO,Tonga,SL_IND_EMPL_ZS,Employment in industry (% of total employment) (modeled ILO estimate),2021,,27.45,,,,,,,,,,,
DATAFLOW,SPC:DF_WBWDI(1.0),Selection of World Bank World Development Indicators (WB WDI) for Pacific Island Countries and Territories,I,A,Annual,TO,Tonga,SL_IND_EMPL_ZS,Employment in industry (% of total employment) (modeled ILO estimate),2022,,27.58,,,,,,,,,,,
DATAFLOW,SPC:DF_WBWDI(1.0),Selection of World Bank World Development Indicators (WB WDI) for Pacific Island Countries and Territories,I,A,Annual,VU,Vanuatu,SL_AGR_EMPL_ZS,Employment in agriculture (% of total employment) (modeled ILO estimate),2016,,54.29,,,,,,,,,,,
DATAFLOW,SPC:DF_WBWDI(1.0),Selection of World Bank World Development Indicators (WB WDI) for Pacific Island Countries and Territories,I,A,Annual,VU,Vanuatu,SL_AGR_EMPL_ZS,Employment in agriculture (% of total employment) (modeled ILO estimate),2017,,52.88,,,,,,,,,,,
DATAFLOW,SPC:DF_WBWDI(1.0),Selection of World Bank World Development Indicators (WB WDI) for Pacific Island Countries and Territories,I,A,Annual,VU,Vanuatu,SL_AGR_EMPL_ZS,Employment in agriculture (% of total employment) (modeled ILO estimate),2018,,51.05,,,,,,,,,,,
DATAFLOW,SPC:DF_WBWDI(1.0),Selection of World Bank World Development Indicators (WB WDI) for Pacific Island Countries and Territories,I,A,Annual,VU,Vanuatu,SL_AGR_EMPL_ZS,Employment in agriculture (% of total employment) (modeled ILO estimate),2019,,49.23,,,,,,,,,,,
DATAFLOW,SPC:DF_WBWDI(1.0),Selection of World Bank World Development Indicators (WB WDI) for Pacific Island Countries and Territories,I,A,Annual,VU,Vanuatu,SL_AGR_EMPL_ZS,Employment in agriculture (% of total employment) (modeled ILO estimate),2020,,44.69,,,,,,,,,,,
DATAFLOW,SPC:DF_WBWDI(1.0),Selection of World Bank World Development Indicators (WB WDI) for Pacific Island Countries and Territories,I,A,Annual,VU,Vanuatu,SL_AGR_EMPL_ZS,Employment in agriculture (% of total employment) (modeled ILO estimate),2021,,43.47,,,,,,,,,,,
DATAFLOW,SPC:DF_WBWDI(1.0),Selection of World Bank World Development Indicators (WB WDI) for Pacific Island Countries and Territories,I,A,Annual,VU,Vanuatu,SL_AGR_EMPL_ZS,Employment in agriculture (% of total employment) (modeled ILO estimate),2022,,42.35,,,,,,,,,,,
DATAFLOW,SPC:DF_WBWDI(1.0),Selection of World Bank World Development Indicators (WB WDI) for Pacific Island Countries and Territories,I,A,Annual,FJ,Fiji,SL_SRV_EMPL_ZS,Employment in services (% of total employment) (modeled ILO estimate),2016,,55.22,,,,,,,,,,,
DATAFLOW,SPC:DF_WBWDI(1.0),Selection of World Bank World Development Indicators (WB WDI) for Pacific Island Countries and Territories,I,A,Annual,FJ,Fiji,SL_SRV_EMPL_ZS,Employment in services (% of total employment) (modeled ILO estimate),2017,,55.77,,,,,,,,,,,
DATAFLOW,SPC:DF_WBWDI(1.0),Selection of World Bank World Development Indicators (WB WDI) for Pacific Island Countries and Territories,I,A,Annual,FJ,Fiji,SL_SRV_EMPL_ZS,Employment in services (% of total employment) (modeled ILO estimate),2018,,56.23,,,,,,,,,,,
DATAFLOW,SPC:DF_WBWDI(1.0),Selection of World Bank World Development Indicators (WB WDI) for Pacific Island Countries and Territories,I,A,Annual,FJ,Fiji,SL_SRV_EMPL_ZS,Employment in services (% of total employment) (modeled ILO estimate),2019,,56.58,,,,,,,,,,,
DATAFLOW,SPC:DF_WBWDI(1.0),Selection of World Bank World Development Indicators (WB WDI) for Pacific Island Countries and Territories,I,A,Annual,FJ,Fiji,SL_SRV_EMPL_ZS,Employment in services (% of total employment) (modeled ILO estimate),2020,,56.29,,,,,,,,,,,
DATAFLOW,SPC:DF_WBWDI(1.0),Selection of World Bank World Development Indicators (WB WDI) for Pacific Island Countries and Territories,I,A,Annual,FJ,Fiji,SL_SRV_EMPL_ZS,Employment in services (% of total employment) (modeled ILO estimate),2021,,56.37,,,,,,,,,,,
DATAFLOW,SPC:DF_WBWDI(1.0),Selection of World Bank World Development Indicators (WB WDI) for Pacific Island Countries and Territories,I,A,Annual,FJ,Fiji,SL_SRV_EMPL_ZS,Employment in services (% of total employment) (modeled ILO estimate),2022,,56.97,,,,,,,,,,,
DATAFLOW,SPC:DF_WBWDI(1.0),Selection of World Bank World Development Indicators (WB WDI) for Pacific Island Countries and Territories,I,A,Annual,GU,Guam,SL_IND_EMPL_ZS,Employment in industry (% of total employment) (modeled ILO estimate),2016,,14.17,,,,,,,,,,,
DATAFLOW,SPC:DF_WBWDI(1.0),Selection of World Bank World Development Indicators (WB WDI) for Pacific Island Countries and Territories,I,A,Annual,GU,Guam,SL_IND_EMPL_ZS,Employment in industry (% of total employment) (modeled ILO estimate),2017,,14.01,,,,,,,,,,,
DATAFLOW,SPC:DF_WBWDI(1.0),Selection of World Bank World Development Indicators (WB WDI) for Pacific Island Countries and Territories,I,A,Annual,GU,Guam,SL_IND_EMPL_ZS,Employment in industry (% of total employment) (modeled ILO estimate),2018,,13.8,,,,,,,,,,,
DATAFLOW,SPC:DF_WBWDI(1.0),Selection of World Bank World Development Indicators (WB WDI) for Pacific Island Countries and Territories,I,A,Annual,GU,Guam,SL_IND_EMPL_ZS,Employment in industry (% of total employment) (modeled ILO estimate),2019,,13.73,,,,,,,,,,,
DATAFLOW,SPC:DF_WBWDI(1.0),Selection of World Bank World Development Indicators (WB WDI) for Pacific Island Countries and Territories,I,A,Annual,GU,Guam,SL_IND_EMPL_ZS,Employment in industry (% of total employment) (modeled ILO estimate),2020,,13.74,,,,,,,,,,,
DATAFLOW,SPC:DF_WBWDI(1.0),Selection of World Bank World Development Indicators (WB WDI) for Pacific Island Countries and Territories,I,A,Annual,GU,Guam,SL_IND_EMPL_ZS,Employment in industry (% of total employment) (modeled ILO estimate),2021,,13.46,,,,,,,,,,,
DATAFLOW,SPC:DF_WBWDI(1.0),Selection of World Bank World Development Indicators (WB WDI) for Pacific Island Countries and Territories,I,A,Annual,GU,Guam,SL_IND_EMPL_ZS,Employment in industry (% of total employment) (modeled ILO estimate),2022,,13.4,,,,,,,,,,,
DATAFLOW,SPC:DF_WBWDI(1.0),Selection of World Bank World Development Indicators (WB WDI) for Pacific Island Countries and Territories,I,A,Annual,GU,Guam,SL_SRV_EMPL_ZS,Employment in services (% of total employment) (modeled ILO estimate),2016,,85.56,,,,,,,,,,,
DATAFLOW,SPC:DF_WBWDI(1.0),Selection of World Bank World Development Indicators (WB WDI) for Pacific Island Countries and Territories,I,A,Annual,GU,Guam,SL_SRV_EMPL_ZS,Employment in services (% of total employment) (modeled ILO estimate),2017,,85.74,,,,,,,,,,,
DATAFLOW,SPC:DF_WBWDI(1.0),Selection of World Bank World Development Indicators (WB WDI) for Pacific Island Countries and Territories,I,A,Annual,GU,Guam,SL_SRV_EMPL_ZS,Employment in services (% of total employment) (modeled ILO estimate),2018,,85.95,,,,,,,,,,,
DATAFLOW,SPC:DF_WBWDI(1.0),Selection of World Bank World Development Indicators (WB WDI) for Pacific Island Countries and Territories,I,A,Annual,GU,Guam,SL_SRV_EMPL_ZS,Employment in services (% of total employment) (modeled ILO estimate),2019,,86.03,,,,,,,,,,,
DATAFLOW,SPC:DF_WBWDI(1.0),Selection of World Bank World Development Indicators (WB WDI) for Pacific Island Countries and Territories,I,A,Annual,GU,Guam,SL_SRV_EMPL_ZS,Employment in services (% of total employment) (modeled ILO estimate),2020,,86.02,,,,,,,,,,,
DATAFLOW,SPC:DF_WBWDI(1.0),Selection of World Bank World Development Indicators (WB WDI) for Pacific Island Countries and Territories,I,A,Annual,GU,Guam,SL_SRV_EMPL_ZS,Employment in services (% of total employment) (modeled ILO estimate),2021,,86.29,,,,,,,,,,,
DATAFLOW,SPC:DF_WBWDI(1.0),Selection of World Bank World Development Indicators (WB WDI) for Pacific Island Countries and Territories,I,A,Annual,GU,Guam,SL_SRV_EMPL_ZS,Employment in services (% of total employment) (modeled ILO estimate),2022,,86.36,,,,,,,,,,,
DATAFLOW,SPC:DF_WBWDI(1.0),Selection of World Bank World Development Indicators (WB WDI) for Pacific Island Countries and Territories,I,A,Annual,NC,New Caledonia,SL_AGR_EMPL_ZS,Employment in agriculture (% of total employment) (modeled ILO estimate),2016,,1.44,,,,,,,,,,,
DATAFLOW,SPC:DF_WBWDI(1.0),Selection of World Bank World Development Indicators (WB WDI) for Pacific Island Countries and Territories,I,A,Annual,NC,New Caledonia,SL_AGR_EMPL_ZS,Employment in agriculture (% of total employment) (modeled ILO estimate),2017,,1.32,,,,,,,,,,,
DATAFLOW,SPC:DF_WBWDI(1.0),Selection of World Bank World Development Indicators (WB WDI) for Pacific Island Countries and Territories,I,A,Annual,NC,New Caledonia,SL_AGR_EMPL_ZS,Employment in agriculture (% of total employment) (modeled ILO estimate),2018,,1.06,,,,,,,,,,,
DATAFLOW,SPC:DF_WBWDI(1.0),Selection of World Bank World Development Indicators (WB WDI) for Pacific Island Countries and Territories,I,A,Annual,NC,New Caledonia,SL_AGR_EMPL_ZS,Employment in agriculture (% of total employment) (modeled ILO estimate),2019,,1.9,,,,,,,,,,,
DATAFLOW,SPC:DF_WBWDI(1.0),Selection of World Bank World Development Indicators (WB WDI) for Pacific Island Countries and Territories,I,A,Annual,NC,New Caledonia,SL_AGR_EMPL_ZS,Employment in agriculture (% of total employment) (modeled ILO estimate),2020,,1.91,,,,,,,,,,,
DATAFLOW,SPC:DF_WBWDI(1.0),Selection of World Bank World Development Indicators (WB WDI) for Pacific Island Countries and Territories,I,A,Annual,NC,New Caledonia,SL_AGR_EMPL_ZS,Employment in agriculture (% of total employment) (modeled ILO estimate),2021,,1.86,,,,,,,,,,,
DATAFLOW,SPC:DF_WBWDI(1.0),Selection of World Bank World Development Indicators (WB WDI) for Pacific Island Countries and Territories,I,A,Annual,NC,New Caledonia,SL_AGR_EMPL_ZS,Employment in agriculture (% of total employment) (modeled ILO estimate),2022,,1.82,,,,,,,,,,,
DATAFLOW,SPC:DF_WBWDI(1.0),Selection of World Bank World Development Indicators (WB WDI) for Pacific Island Countries and Territories,I,A,Annual,PW,Palau,NV_AGR_TOTL_ZS,Agriculture value added (% of GDP),2016,,3.05,,,,,,,,,,,
DATAFLOW,SPC:DF_WBWDI(1.0),Selection of World Bank World Development Indicators (WB WDI) for Pacific Island Countries and Territories,I,A,Annual,PW,Palau,NV_AGR_TOTL_ZS,Agriculture value added (% of GDP),2017,,3.44,,,,,,,,,,,
DATAFLOW,SPC:DF_WBWDI(1.0),Selection of World Bank World Development Indicators (WB WDI) for Pacific Island Countries and Territories,I,A,Annual,PW,Palau,NV_AGR_TOTL_ZS,Agriculture value added (% of GDP),2018,,3.46,,,,,,,,,,,
DATAFLOW,SPC:DF_WBWDI(1.0),Selection of World Bank World Development Indicators (WB WDI) for Pacific Island Countries and Territories,I,A,Annual,PW,Palau,NV_AGR_TOTL_ZS,Agriculture value added (% of GDP),2019,,3.39,,,,,,,,,,,
DATAFLOW,SPC:DF_WBWDI(1.0),Selection of World Bank World Development Indicators (WB WDI) for Pacific Island Countries and Territories,I,A,Annual,PW,Palau,NV_AGR_TOTL_ZS,Agriculture value added (% of GDP),2020,,3.28,,,,,,,,,,,
DATAFLOW,SPC:DF_WBWDI(1.0),Selection of World Bank World Development Indicators (WB WDI) for Pacific Island Countries and Territories,I,A,Annual,PW,Palau,NV_AGR_TOTL_ZS,Agriculture value added (% of GDP),2021,,3.5,,,,,,,,,,,
DATAFLOW,SPC:DF_WBWDI(1.0),Selection of World Bank World Development Indicators (WB WDI) for Pacific Island Countries and Territories,I,A,Annual,PW,Palau,NV_AGR_TOTL_ZS,Agriculture value added (% of GDP),2022,,3.41,,,,,,,,,,,
DATAFLOW,SPC:DF_WBWDI(1.0),Selection of World Bank World Development Indicators (WB WDI) for Pacific Island Countries and Territories,I,A,Annual,SB,Solomon Islands,NV_AGR_TOTL_ZS,Agriculture value added (% of GDP),2016,,34.45,,,,,,,,,,,
DATAFLOW,SPC:DF_WBWDI(1.0),Selection of World Bank World Development Indicators (WB WDI) for Pacific Island Countries and Territories,I,A,Annual,SB,Solomon Islands,NV_AGR_TOTL_ZS,Agriculture value added (% of GDP),2017,,33.28,,,,,,,,,,,
DATAFLOW,SPC:DF_WBWDI(1.0),Selection of World Bank World Development Indicators (WB WDI) for Pacific Island Countries and Territories,I,A,Annual,SB,Solomon Islands,NV_AGR_TOTL_ZS,Agriculture value added (% of GDP),2018,,33.97,,,,,,,,,,,
DATAFLOW,SPC:DF_WBWDI(1.0),Selection of World Bank World Development Indicators (WB WDI) for Pacific Island Countries and Territories,I,A,Annual,SB,Solomon Islands,NV_AGR_TOTL_ZS,Agriculture value added (% of GDP),2019,,32.67,,,,,,,,,,,
DATAFLOW,SPC:DF_WBWDI(1.0),Selection of World Bank World Development Indicators (WB WDI) for Pacific Island Countries and Territories,I,A,Annual,SB,Solomon Islands,NV_AGR_TOTL_ZS,Agriculture value added (% of GDP),2020,,34.12,,,,,,,,,,,
DATAFLOW,SPC:DF_WBWDI(1.0),Selection of World Bank World Development Indicators (WB WDI) for Pacific Island Countries and Territories,I,A,Annual,SB,Solomon Islands,NV_AGR_TOTL_ZS,Agriculture value added (% of GDP),2021,,35.04,,,,,,,,,,,
DATAFLOW,SPC:DF_WBWDI(1.0),Selection of World Bank World Development Indicators (WB WDI) for Pacific Island Countries and Territories,I,A,Annual,SB,Solomon Islands,NV_AGR_TOTL_ZS,Agriculture value added (% of GDP),2022,,33.76,,,,,,,,,,,
DATAFLOW,SPC:DF_WBWDI(1.0),Selection of World Bank World Development Indicators (WB WDI) for Pacific Island Countries and Territories,I,A,Annual,WS,Samoa,SL_AGR_EMPL_ZS,Employment in agriculture (% of total employment) (modeled ILO estimate),2016,,23.45,,,,,,,,,,,
DATAFLOW,SPC:DF_WBWDI(1.0),Selection of World Bank World Development Indicators (WB WDI) for Pacific Island Countries and Territories,I,A,Annual,WS,Samoa,SL_AGR_EMPL_ZS,Employment in agriculture (% of total employment) (modeled ILO estimate),2017,,22.17,,,,,,,,,,,
DATAFLOW,SPC:DF_WBWDI(1.0),Selection of World Bank World Development Indicators (WB WDI) for Pacific Island Countries and Territories,I,A,Annual,WS,Samoa,SL_AGR_EMPL_ZS,Employment in agriculture (% of total employment) (modeled ILO estimate),2018,,21.39,,,,,,,,,,,
DATAFLOW,SPC:DF_WBWDI(1.0),Selection of World Bank World Development Indicators (WB WDI) for Pacific Island Countries and Territories,I,A,Annual,WS,Samoa,SL_AGR_EMPL_ZS,Employment in agriculture (% of total employment) (modeled ILO estimate),2019,,20.93,,,,,,,,,,,
DATAFLOW,SPC:DF_WBWDI(1.0),Selection of World Bank World Development Indicators (WB WDI) for Pacific Island Countries and Territories,I,A,Annual,WS,Samoa,SL_AGR_EMPL_ZS,Employment in agriculture (% of total employment) (modeled ILO estimate),2020,,20.92,,,,,,,,,,,
DATAFLOW,SPC:DF_WBWDI(1.0),Selection of World Bank World Development Indicators (WB WDI) for Pacific Island Countries and Territories,I,A,Annual,WS,Samoa,SL_AGR_EMPL_ZS,Employment in agriculture (% of total employment) (modeled ILO estimate),2021,,20.63,,,,,,,,,,,
DATAFLOW,SPC:DF_WBWDI(1.0),Selection of World Bank World Development Indicators (WB WDI) for Pacific Island Countries and Territories,I,A,Annual,WS,Samoa,SL_AGR_EMPL_ZS,Employment in agriculture (% of total employment) (modeled ILO estimate),2022,,20.14,,,,,,,,,,,
DATAFLOW,SPC:DF_WBWDI(1.0),Selection of World Bank World Development Indicators (WB WDI) for Pacific Island Countries and Territories,I,A,Annual,TO,Tonga,SL_SRV_EMPL_ZS,Employment in services (% of total employment) (modeled ILO estimate),2016,,42.44,,,,,,,,,,,
DATAFLOW,SPC:DF_WBWDI(1.0),Selection of World Bank World Development Indicators (WB WDI) for Pacific Island Countries and Territories,I,A,Annual,TO,Tonga,SL_SRV_EMPL_ZS,Employment in services (% of total employment) (modeled ILO estimate),2017,,42.43,,,,,,,,,,,
DATAFLOW,SPC:DF_WBWDI(1.0),Selection of World Bank World Development Indicators (WB WDI) for Pacific Island Countries and Territories,I,A,Annual,TO,Tonga,SL_SRV_EMPL_ZS,Employment in services (% of total employment) (modeled ILO estimate),2018,,42.8,,,,,,,,,,,
DATAFLOW,SPC:DF_WBWDI(1.0),Selection of World Bank World Development Indicators (WB WDI) for Pacific Island Countries and Territories,I,A,Annual,TO,Tonga,SL_SRV_EMPL_ZS,Employment in services (% of total employment) (modeled ILO estimate),2019,,43.39,,,,,,,,,,,
DATAFLOW,SPC:DF_WBWDI(1.0),Selection of World Bank World Development Indicators (WB WDI) for Pacific Island Countries and Territories,I,A,Annual,TO,Tonga,SL_SRV_EMPL_ZS,Employment in services (% of total employment) (modeled ILO estimate),2020,,44.34,,,,,,,,,,,
DATAFLOW,SPC:DF_WBWDI(1.0),Selection of World Bank World Development Indicators (WB WDI) for Pacific Island Countries and Territories,I,A,Annual,TO,Tonga,SL_SRV_EMPL_ZS,Employment in services (% of total employment) (modeled ILO estimate),2021,,45.83,,,,,,,,,,,
DATAFLOW,SPC:DF_WBWDI(1.0),Selection of World Bank World Development Indicators (WB WDI) for Pacific Island Countries and Territories,I,A,Annual,TO,Tonga,SL_SRV_EMPL_ZS,Employment in services (% of total employment) (modeled ILO estimate),2022,,45.48,,,,,,,,,,,
DATAFLOW,SPC:DF_WBWDI(1.0),Selection of World Bank World Development Indicators (WB WDI) for Pacific Island Countries and Territories,I,A,Annual,VU,Vanuatu,SL_IND_EMPL_ZS,Employment in industry (% of total employment) (modeled ILO estimate),2016,,7.24,,,,,,,,,,,
DATAFLOW,SPC:DF_WBWDI(1.0),Selection of World Bank World Development Indicators (WB WDI) for Pacific Island Countries and Territories,I,A,Annual,VU,Vanuatu,SL_IND_EMPL_ZS,Employment in industry (% of total employment) (modeled ILO estimate),2017,,7.56,,,,,,,,,,,
DATAFLOW,SPC:DF_WBWDI(1.0),Selection of World Bank World Development Indicators (WB WDI) for Pacific Island Countries and Territories,I,A,Annual,VU,Vanuatu,SL_IND_EMPL_ZS,Employment in industry (% of total employment) (modeled ILO estimate),2018,,7.74,,,,,,,,,,,
DATAFLOW,SPC:DF_WBWDI(1.0),Selection of World Bank World Development Indicators (WB WDI) for Pacific Island Countries and Territories,I,A,Annual,VU,Vanuatu,SL_IND_EMPL_ZS,Employment in industry (% of total employment) (modeled ILO estimate),2019,,7.94,,,,,,,,,,,
DATAFLOW,SPC:DF_WBWDI(1.0),Selection of World Bank World Development Indicators (WB WDI) for Pacific Island Countries and Territories,I,A,Annual,VU,Vanuatu,SL_IND_EMPL_ZS,Employment in industry (% of total employment) (modeled ILO estimate),2020,,10.65,,,,,,,,,,,
DATAFLOW,SPC:DF_WBWDI(1.0),Selection of World Bank World Development Indicators (WB WDI) for Pacific Island Countries and Territories,I,A,Annual,VU,Vanuatu,SL_IND_EMPL_ZS,Employment in industry (% of total employment) (modeled ILO estimate),2021,,11.08,,,,,,,,,,,
DATAFLOW,SPC:DF_WBWDI(1.0),Selection of World Bank World Development Indicators (WB WDI) for Pacific Island Countries and Territories,I,A,Annual,VU,Vanuatu,SL_IND_EMPL_ZS,Employment in industry (% of total employment) (modeled ILO estimate),2022,,11.23,,,,,,,,,,,
DATAFLOW,SPC:DF_WBWDI(1.0),Selection of World Bank World Development Indicators (WB WDI) for Pacific Island Countries and Territories,I,A,Annual,FJ,Fiji,NV_AGR_TOTL_ZS,Agriculture value added (% of GDP),2016,,10.66,,,,,,,,,,,
DATAFLOW,SPC:DF_WBWDI(1.0),Selection of World Bank World Development Indicators (WB WDI) for Pacific Island Countries and Territories,I,A,Annual,FJ,Fiji,NV_AGR_TOTL_ZS,Agriculture value added (% of GDP),2017,,10.53,,,,,,,,,,,
DATAFLOW,SPC:DF_WBWDI(1.0),Selection of World Bank World Development Indicators (WB WDI) for Pacific Island Countries and Territories,I,A,Annual,FJ,Fiji,NV_AGR_TOTL_ZS,Agriculture value added (% of GDP),2018,,10.91,,,,,,,,,,,
DATAFLOW,SPC:DF_WBWDI(1.0),Selection of World Bank World Development Indicators (WB WDI) for Pacific Island Countries and Territories,I,A,Annual,FJ,Fiji,NV_AGR_TOTL_ZS,Agriculture value added (% of GDP),2019,,11.29,,,,,,,,,,,
DATAFLOW,SPC:DF_WBWDI(1.0),Selection of World Bank World Development Indicators (WB WDI) for Pacific Island Countries and Territories,I,A,Annual,FJ,Fiji,NV_AGR_TOTL_ZS,Agriculture value added (% of GDP),2020,,14.32,,,,,,,,,,,
DATAFLOW,SPC:DF_WBWDI(1.0),Selection of World Bank World Development Indicators (WB WDI) for Pacific Island Countries and Territories,I,A,Annual,FJ,Fiji,NV_AGR_TOTL_ZS,Agriculture value added (% of GDP),2021,,15.28,,,,,,,,,,,
DATAFLOW,SPC:DF_WBWDI(1.0),Selection of World Bank World Development Indicators (WB WDI) for Pacific Island Countries and Territories,I,A,Annual,FJ,Fiji,NV_AGR_TOTL_ZS,Agriculture value added (% of GDP),2022,,12.64,,,,,,,,,,,
DATAFLOW,SPC:DF_WBWDI(1.0),Selection of World Bank World Development Indicators (WB WDI) for Pacific Island Countries and Territories,I,A,Annual,FJ,Fiji,NV_AGR_TOTL_ZS,Agriculture value added (% of GDP),2023,,8.29,,,,,,,,,,,
DATAFLOW,SPC:DF_WBWDI(1.0),Selection of World Bank World Development Indicators (WB WDI) for Pacific Island Countries and Territories,I,A,Annual,VU,Vanuatu,NV_AGR_TOTL_ZS,Agriculture value added (% of GDP),2016,,21.68,,,,,,,,,,,
DATAFLOW,SPC:DF_WBWDI(1.0),Selection of World Bank World Development Indicators (WB WDI) for Pacific Island Countries and Territories,I,A,Annual,VU,Vanuatu,NV_AGR_TOTL_ZS,Agriculture value added (% of GDP),2017,,21.37,,,,,,,,,,,
DATAFLOW,SPC:DF_WBWDI(1.0),Selection of World Bank World Development Indicators (WB WDI) for Pacific Island Countries and Territories,I,A,Annual,VU,Vanuatu,NV_AGR_TOTL_ZS,Agriculture value added (% of GDP),2018,,21.22,,,,,,,,,,,
DATAFLOW,SPC:DF_WBWDI(1.0),Selection of World Bank World Development Indicators (WB WDI) for Pacific Island Countries and Territories,I,A,Annual,PG,Papua New Guinea,SL_SRV_EMPL_ZS,Employment in services (% of total employment) (modeled ILO estimate),2016,,69.31,,,,,,,,,,,
DATAFLOW,SPC:DF_WBWDI(1.0),Selection of World Bank World Development Indicators (WB WDI) for Pacific Island Countries and Territories,I,A,Annual,PG,Papua New Guinea,SL_SRV_EMPL_ZS,Employment in services (% of total employment) (modeled ILO estimate),2017,,69.38,,,,,,,,,,,
DATAFLOW,SPC:DF_WBWDI(1.0),Selection of World Bank World Development Indicators (WB WDI) for Pacific Island Countries and Territories,I,A,Annual,PG,Papua New Guinea,SL_SRV_EMPL_ZS,Employment in services (% of total employment) (modeled ILO estimate),2018,,69.5,,,,,,,,,,,
DATAFLOW,SPC:DF_WBWDI(1.0),Selection of World Bank World Development Indicators (WB WDI) for Pacific Island Countries and Territories,I,A,Annual,PG,Papua New Guinea,SL_SRV_EMPL_ZS,Employment in services (% of total employment) (modeled ILO estimate),2019,,69.79,,,,,,,,,,,
DATAFLOW,SPC:DF_WBWDI(1.0),Selection of World Bank World Development Indicators (WB WDI) for Pacific Island Countries and Territories,I,A,Annual,PG,Papua New Guinea,SL_SRV_EMPL_ZS,Employment in services (% of total employment) (modeled ILO estimate),2020,,69.68,,,,,,,,,,,
DATAFLOW,SPC:DF_WBWDI(1.0),Selection of World Bank World Development Indicators (WB WDI) for Pacific Island Countries and Territories,I,A,Annual,PG,Papua New Guinea,SL_SRV_EMPL_ZS,Employment in services (% of total employment) (modeled ILO estimate),2021,,69.67,,,,,,,,,,,
DATAFLOW,SPC:DF_WBWDI(1.0),Selection of World Bank World Development Indicators (WB WDI) for Pacific Island Countries and Territories,I,A,Annual,PG,Papua New Guinea,SL_SRV_EMPL_ZS,Employment in services (% of total employment) (modeled ILO estimate),2022,,70.01,,,,,,,,,,,
DATAFLOW,SPC:DF_WBWDI(1.0),Selection of World Bank World Development Indicators (WB WDI) for Pacific Island Countries and Territories,I,A,Annual,NC,New Caledonia,SL_SRV_EMPL_ZS,Employment in services (% of total employment) (modeled ILO estimate),2016,,73.67,,,,,,,,,,,
DATAFLOW,SPC:DF_WBWDI(1.0),Selection of World Bank World Development Indicators (WB WDI) for Pacific Island Countries and Territories,I,A,Annual,NC,New Caledonia,SL_SRV_EMPL_ZS,Employment in services (% of total employment) (modeled ILO estimate),2017,,73.59,,,,,,,,,,,
DATAFLOW,SPC:DF_WBWDI(1.0),Selection of World Bank World Development Indicators (WB WDI) for Pacific Island Countries and Territories,I,A,Annual,NC,New Caledonia,SL_SRV_EMPL_ZS,Employment in services (% of total employment) (modeled ILO estimate),2018,,76.8,,,,,,,,,,,
DATAFLOW,SPC:DF_WBWDI(1.0),Selection of World Bank World Development Indicators (WB WDI) for Pacific Island Countries and Territories,I,A,Annual,NC,New Caledonia,SL_SRV_EMPL_ZS,Employment in services (% of total employment) (modeled ILO estimate),2019,,75.89,,,,,,,,,,,
DATAFLOW,SPC:DF_WBWDI(1.0),Selection of World Bank World Development Indicators (WB WDI) for Pacific Island Countries and Territories,I,A,Annual,NC,New Caledonia,SL_SRV_EMPL_ZS,Employment in services (% of total employment) (modeled ILO estimate),2020,,76.08,,,,,,,,,,,
DATAFLOW,SPC:DF_WBWDI(1.0),Selection of World Bank World Development Indicators (WB WDI) for Pacific Island Countries and Territories,I,A,Annual,NC,New Caledonia,SL_SRV_EMPL_ZS,Employment in services (% of total employment) (modeled ILO estimate),2021,,75.64,,,,,,,,,,,
DATAFLOW,SPC:DF_WBWDI(1.0),Selection of World Bank World Development Indicators (WB WDI) for Pacific Island Countries and Territories,I,A,Annual,NC,New Caledonia,SL_SRV_EMPL_ZS,Employment in services (% of total employment) (modeled ILO estimate),2022,,75.8,,,,,,,,,,,
DATAFLOW,SPC:DF_WBWDI(1.0),Selection of World Bank World Development Indicators (WB WDI) for Pacific Island Countries and Territories,I,A,Annual,PG,Papua New Guinea,SL_AGR_EMPL_ZS,Employment in agriculture (% of total employment) (modeled ILO estimate),2016,,21.02,,,,,,,,,,,
DATAFLOW,SPC:DF_WBWDI(1.0),Selection of World Bank World Development Indicators (WB WDI) for Pacific Island Countries and Territories,I,A,Annual,PG,Papua New Guinea,SL_AGR_EMPL_ZS,Employment in agriculture (% of total employment) (modeled ILO estimate),2017,,20.58,,,,,,,,,,,
DATAFLOW,SPC:DF_WBWDI(1.0),Selection of World Bank World Development Indicators (WB WDI) for Pacific Island Countries and Territories,I,A,Annual,PG,Papua New Guinea,SL_AGR_EMPL_ZS,Employment in agriculture (% of total employment) (modeled ILO estimate),2018,,20.06,,,,,,,,,,,
DATAFLOW,SPC:DF_WBWDI(1.0),Selection of World Bank World Development Indicators (WB WDI) for Pacific Island Countries and Territories,I,A,Annual,PG,Papua New Guinea,SL_AGR_EMPL_ZS,Employment in agriculture (% of total employment) (modeled ILO estimate),2019,,19.45,,,,,,,,,,,
DATAFLOW,SPC:DF_WBWDI(1.0),Selection of World Bank World Development Indicators (WB WDI) for Pacific Island Countries and Territories,I,A,Annual,PG,Papua New Guinea,SL_AGR_EMPL_ZS,Employment in agriculture (% of total employment) (modeled ILO estimate),2020,,19.32,,,,,,,,,,,
DATAFLOW,SPC:DF_WBWDI(1.0),Selection of World Bank World Development Indicators (WB WDI) for Pacific Island Countries and Territories,I,A,Annual,PG,Papua New Guinea,SL_AGR_EMPL_ZS,Employment in agriculture (% of total employment) (modeled ILO estimate),2021,,18.97,,,,,,,,,,,
DATAFLOW,SPC:DF_WBWDI(1.0),Selection of World Bank World Development Indicators (WB WDI) for Pacific Island Countries and Territories,I,A,Annual,PG,Papua New Guinea,SL_AGR_EMPL_ZS,Employment in agriculture (% of total employment) (modeled ILO estimate),2022,,18.48,,,,,,,,,,,
DATAFLOW,SPC:DF_WBWDI(1.0),Selection of World Bank World Development Indicators (WB WDI) for Pacific Island Countries and Territories,I,A,Annual,MH,Marshall Islands,NV_AGR_TOTL_ZS,Agriculture value added (% of GDP),2016,,12.79,,,,,,,,,,,
DATAFLOW,SPC:DF_WBWDI(1.0),Selection of World Bank World Development Indicators (WB WDI) for Pacific Island Countries and Territories,I,A,Annual,MH,Marshall Islands,NV_AGR_TOTL_ZS,Agriculture value added (% of GDP),2017,,15.89,,,,,,,,,,,
DATAFLOW,SPC:DF_WBWDI(1.0),Selection of World Bank World Development Indicators (WB WDI) for Pacific Island Countries and Territories,I,A,Annual,MH,Marshall Islands,NV_AGR_TOTL_ZS,Agriculture value added (% of GDP),2018,,16.32,,,,,,,,,,,
DATAFLOW,SPC:DF_WBWDI(1.0),Selection of World Bank World Development Indicators (WB WDI) for Pacific Island Countries and Territories,I,A,Annual,MH,Marshall Islands,NV_AGR_TOTL_ZS,Agriculture value added (% of GDP),2019,,18.28,,,,,,,,,,,
DATAFLOW,SPC:DF_WBWDI(1.0),Selection of World Bank World Development Indicators (WB WDI) for Pacific Island Countries and Territories,I,A,Annual,MH,Marshall Islands,NV_AGR_TOTL_ZS,Agriculture value added (% of GDP),2020,,20,,,,,,,,,,,
DATAFLOW,SPC:DF_WBWDI(1.0),Selection of World Bank World Development Indicators (WB WDI) for Pacific Island Countries and Territories,I,A,Annual,MH,Marshall Islands,NV_AGR_TOTL_ZS,Agriculture value added (% of GDP),2021,,25.08,,,,,,,,,,,
DATAFLOW,SPC:DF_WBWDI(1.0),Selection of World Bank World Development Indicators (WB WDI) for Pacific Island Countries and Territories,I,A,Annual,MH,Marshall Islands,NV_AGR_TOTL_ZS,Agriculture value added (% of GDP),2022,,20.63,,,,,,,,,,,
DATAFLOW,SPC:DF_WBWDI(1.0),Selection of World Bank World Development Indicators (WB WDI) for Pacific Island Countries and Territories,I,A,Annual,PF,French Polynesia,NV_AGR_TOTL_ZS,Agriculture value added (% of GDP),2016,,3.22,,,,,,,,,,,
DATAFLOW,SPC:DF_WBWDI(1.0),Selection of World Bank World Development Indicators (WB WDI) for Pacific Island Countries and Territories,I,A,Annual,PF,French Polynesia,NV_AGR_TOTL_ZS,Agriculture value added (% of GDP),2017,,3.06,,,,,,,,,,,
DATAFLOW,SPC:DF_WBWDI(1.0),Selection of World Bank World Development Indicators (WB WDI) for Pacific Island Countries and Territories,I,A,Annual,PF,French Polynesia,NV_AGR_TOTL_ZS,Agriculture value added (% of GDP),2018,,2.85,,,,,,,,,,,
DATAFLOW,SPC:DF_WBWDI(1.0),Selection of World Bank World Development Indicators (WB WDI) for Pacific Island Countries and Territories,I,A,Annual,PF,French Polynesia,NV_AGR_TOTL_ZS,Agriculture value added (% of GDP),2019,,2.25,,,,,,,,,,,
DATAFLOW,SPC:DF_WBWDI(1.0),Selection of World Bank World Development Indicators (WB WDI) for Pacific Island Countries and Territories,I,A,Annual,WS,Samoa,SL_SRV_EMPL_ZS,Employment in services (% of total employment) (modeled ILO estimate),2016,,61.24,,,,,,,,,,,
DATAFLOW,SPC:DF_WBWDI(1.0),Selection of World Bank World Development Indicators (WB WDI) for Pacific Island Countries and Territories,I,A,Annual,WS,Samoa,SL_SRV_EMPL_ZS,Employment in services (% of total employment) (modeled ILO estimate),2017,,62.43,,,,,,,,,,,
DATAFLOW,SPC:DF_WBWDI(1.0),Selection of World Bank World Development Indicators (WB WDI) for Pacific Island Countries and Territories,I,A,Annual,WS,Samoa,SL_SRV_EMPL_ZS,Employment in services (% of total employment) (modeled ILO estimate),2018,,63.11,,,,,,,,,,,
DATAFLOW,SPC:DF_WBWDI(1.0),Selection of World Bank World Development Indicators (WB WDI) for Pacific Island Countries and Territories,I,A,Annual,WS,Samoa,SL_SRV_EMPL_ZS,Employment in services (% of total employment) (modeled ILO estimate),2019,,63.15,,,,,,,,,,,
DATAFLOW,SPC:DF_WBWDI(1.0),Selection of World Bank World Development Indicators (WB WDI) for Pacific Island Countries and Territories,I,A,Annual,WS,Samoa,SL_SRV_EMPL_ZS,Employment in services (% of total employment) (modeled ILO estimate),2020,,63.09,,,,,,,,,,,
DATAFLOW,SPC:DF_WBWDI(1.0),Selection of World Bank World Development Indicators (WB WDI) for Pacific Island Countries and Territories,I,A,Annual,WS,Samoa,SL_SRV_EMPL_ZS,Employment in services (% of total employment) (modeled ILO estimate),2021,,63.1,,,,,,,,,,,
DATAFLOW,SPC:DF_WBWDI(1.0),Selection of World Bank World Development Indicators (WB WDI) for Pacific Island Countries and Territories,I,A,Annual,WS,Samoa,SL_SRV_EMPL_ZS,Employment in services (% of total employment) (modeled ILO estimate),2022,,63.6,,,,,,,,,,,
DATAFLOW,SPC:DF_WBWDI(1.0),Selection of World Bank World Development Indicators (WB WDI) for Pacific Island Countries and Territories,I,A,Annual,FJ,Fiji,SL_IND_EMPL_ZS,Employment in industry (% of total employment) (modeled ILO estimate),2016,,14.17,,,,,,,,,,,
DATAFLOW,SPC:DF_WBWDI(1.0),Selection of World Bank World Development Indicators (WB WDI) for Pacific Island Countries and Territories,I,A,Annual,FJ,Fiji,SL_IND_EMPL_ZS,Employment in industry (% of total employment) (modeled ILO estimate),2017,,14.24,,,,,,,,,,,
DATAFLOW,SPC:DF_WBWDI(1.0),Selection of World Bank World Development Indicators (WB WDI) for Pacific Island Countries and Territories,I,A,Annual,FJ,Fiji,SL_IND_EMPL_ZS,Employment in industry (% of total employment) (modeled ILO estimate),2018,,14.25,,,,,,,,,,,
DATAFLOW,SPC:DF_WBWDI(1.0),Selection of World Bank World Development Indicators (WB WDI) for Pacific Island Countries and Territories,I,A,Annual,FJ,Fiji,SL_IND_EMPL_ZS,Employment in industry (% of total employment) (modeled ILO estimate),2019,,14.08,,,,,,,,,,,
DATAFLOW,SPC:DF_WBWDI(1.0),Selection of World Bank World Development Indicators (WB WDI) for Pacific Island Countries and Territories,I,A,Annual,FJ,Fiji,SL_IND_EMPL_ZS,Employment in industry (% of total employment) (modeled ILO estimate),2020,,14.04,,,,,,,,,,,
DATAFLOW,SPC:DF_WBWDI(1.0),Selection of World Bank World Development Indicators (WB WDI) for Pacific Island Countries and Territories,I,A,Annual,FJ,Fiji,SL_IND_EMPL_ZS,Employment in industry (% of total employment) (modeled ILO estimate),2021,,14.22,,,,,,,,,,,
DATAFLOW,SPC:DF_WBWDI(1.0),Selection of World Bank World Development Indicators (WB WDI) for Pacific Island Countries and Territories,I,A,Annual,FJ,Fiji,SL_IND_EMPL_ZS,Employment in industry (% of total employment) (modeled ILO estimate),2022,,14.24,,,,,,,,,,,
DATAFLOW,SPC:DF_WBWDI(1.0),Selection of World Bank World Development Indicators (WB WDI) for Pacific Island Countries and Territories,I,A,Annual,PF,French Polynesia,SL_AGR_EMPL_ZS,Employment in agriculture (% of total employment) (modeled ILO estimate),2016,,2.42,,,,,,,,,,,
DATAFLOW,SPC:DF_WBWDI(1.0),Selection of World Bank World Development Indicators (WB WDI) for Pacific Island Countries and Territories,I,A,Annual,PF,French Polynesia,SL_AGR_EMPL_ZS,Employment in agriculture (% of total employment) (modeled ILO estimate),2017,,2.33,,,,,,,,,,,
DATAFLOW,SPC:DF_WBWDI(1.0),Selection of World Bank World Development Indicators (WB WDI) for Pacific Island Countries and Territories,I,A,Annual,PF,French Polynesia,SL_AGR_EMPL_ZS,Employment in agriculture (% of total employment) (modeled ILO estimate),2018,,2.26,,,,,,,,,,,
DATAFLOW,SPC:DF_WBWDI(1.0),Selection of World Bank World Development Indicators (WB WDI) for Pacific Island Countries and Territories,I,A,Annual,PF,French Polynesia,SL_AGR_EMPL_ZS,Employment in agriculture (% of total employment) (modeled ILO estimate),2019,,2.19,,,,,,,,,,,
DATAFLOW,SPC:DF_WBWDI(1.0),Selection of World Bank World Development Indicators (WB WDI) for Pacific Island Countries and Territories,I,A,Annual,PF,French Polynesia,SL_AGR_EMPL_ZS,Employment in agriculture (% of total employment) (modeled ILO estimate),2020,,2.17,,,,,,,,,,,
DATAFLOW,SPC:DF_WBWDI(1.0),Selection of World Bank World Development Indicators (WB WDI) for Pacific Island Countries and Territories,I,A,Annual,PF,French Polynesia,SL_AGR_EMPL_ZS,Employment in agriculture (% of total employment) (modeled ILO estimate),2021,,2.16,,,,,,,,,,,
DATAFLOW,SPC:DF_WBWDI(1.0),Selection of World Bank World Development Indicators (WB WDI) for Pacific Island Countries and Territories,I,A,Annual,PF,French Polynesia,SL_AGR_EMPL_ZS,Employment in agriculture (% of total employment) (modeled ILO estimate),2022,,2.11,,,,,,,,,,,
DATAFLOW,SPC:DF_WBWDI(1.0),Selection of World Bank World Development Indicators (WB WDI) for Pacific Island Countries and Territories,I,A,Annual,GU,Guam,SL_AGR_EMPL_ZS,Employment in agriculture (% of total employment) (modeled ILO estimate),2016,,0.26,,,,,,,,,,,
DATAFLOW,SPC:DF_WBWDI(1.0),Selection of World Bank World Development Indicators (WB WDI) for Pacific Island Countries and Territories,I,A,Annual,GU,Guam,SL_AGR_EMPL_ZS,Employment in agriculture (% of total employment) (modeled ILO estimate),2017,,0.25,,,,,,,,,,,
DATAFLOW,SPC:DF_WBWDI(1.0),Selection of World Bank World Development Indicators (WB WDI) for Pacific Island Countries and Territories,I,A,Annual,GU,Guam,SL_AGR_EMPL_ZS,Employment in agriculture (% of total employment) (modeled ILO estimate),2018,,0.25,,,,,,,,,,,
DATAFLOW,SPC:DF_WBWDI(1.0),Selection of World Bank World Development Indicators (WB WDI) for Pacific Island Countries and Territories,I,A,Annual,GU,Guam,SL_AGR_EMPL_ZS,Employment in agriculture (% of total employment) (modeled ILO estimate),2019,,0.24,,,,,,,,,,,
DATAFLOW,SPC:DF_WBWDI(1.0),Selection of World Bank World Development Indicators (WB WDI) for Pacific Island Countries and Territories,I,A,Annual,GU,Guam,SL_AGR_EMPL_ZS,Employment in agriculture (% of total employment) (modeled ILO estimate),2020,,0.24,,,,,,,,,,,
DATAFLOW,SPC:DF_WBWDI(1.0),Selection of World Bank World Development Indicators (WB WDI) for Pacific Island Countries and Territories,I,A,Annual,GU,Guam,SL_AGR_EMPL_ZS,Employment in agriculture (% of total employment) (modeled ILO estimate),2021,,0.24,,,,,,,,,,,
DATAFLOW,SPC:DF_WBWDI(1.0),Selection of World Bank World Development Indicators (WB WDI) for Pacific Island Countries and Territories,I,A,Annual,GU,Guam,SL_AGR_EMPL_ZS,Employment in agriculture (% of total employment) (modeled ILO estimate),2022,,0.24,,,,,,,,,,,
DATAFLOW,SPC:DF_WBWDI(1.0),Selection of World Bank World Development Indicators (WB WDI) for Pacific Island Countries and Territories,I,A,Annual,KI,Kiribati,NV_AGR_TOTL_ZS,Agriculture value added (% of GDP),2016,,26.34,,,,,,,,,,,
DATAFLOW,SPC:DF_WBWDI(1.0),Selection of World Bank World Development Indicators (WB WDI) for Pacific Island Countries and Territories,I,A,Annual,KI,Kiribati,NV_AGR_TOTL_ZS,Agriculture value added (% of GDP),2017,,30.44,,,,,,,,,,,
DATAFLOW,SPC:DF_WBWDI(1.0),Selection of World Bank World Development Indicators (WB WDI) for Pacific Island Countries and Territories,I,A,Annual,KI,Kiribati,NV_AGR_TOTL_ZS,Agriculture value added (% of GDP),2018,,25.31,,,,,,,,,,,
DATAFLOW,SPC:DF_WBWDI(1.0),Selection of World Bank World Development Indicators (WB WDI) for Pacific Island Countries and Territories,I,A,Annual,KI,Kiribati,NV_AGR_TOTL_ZS,Agriculture value added (% of GDP),2019,,25.9,,,,,,,,,,,
DATAFLOW,SPC:DF_WBWDI(1.0),Selection of World Bank World Development Indicators (WB WDI) for Pacific Island Countries and Territories,I,A,Annual,KI,Kiribati,NV_AGR_TOTL_ZS,Agriculture value added (% of GDP),2020,,26.48,,,,,,,,,,,
DATAFLOW,SPC:DF_WBWDI(1.0),Selection of World Bank World Development Indicators (WB WDI) for Pacific Island Countries and Territories,I,A,Annual,KI,Kiribati,NV_AGR_TOTL_ZS,Agriculture value added (% of GDP),2021,,23.09,,,,,,,,,,,
DATAFLOW,SPC:DF_WBWDI(1.0),Selection of World Bank World Development Indicators (WB WDI) for Pacific Island Countries and Territories,I,A,Annual,PF,French Polynesia,SL_IND_EMPL_ZS,Employment in industry (% of total employment) (modeled ILO estimate),2016,,14.98,,,,,,,,,,,
DATAFLOW,SPC:DF_WBWDI(1.0),Selection of World Bank World Development Indicators (WB WDI) for Pacific Island Countries and Territories,I,A,Annual,PF,French Polynesia,SL_IND_EMPL_ZS,Employment in industry (% of total employment) (modeled ILO estimate),2017,,14.94,,,,,,,,,,,
DATAFLOW,SPC:DF_WBWDI(1.0),Selection of World Bank World Development Indicators (WB WDI) for Pacific Island Countries and Territories,I,A,Annual,PF,French Polynesia,SL_IND_EMPL_ZS,Employment in industry (% of total employment) (modeled ILO estimate),2018,,14.77,,,,,,,,,,,
DATAFLOW,SPC:DF_WBWDI(1.0),Selection of World Bank World Development Indicators (WB WDI) for Pacific Island Countries and Territories,I,A,Annual,PF,French Polynesia,SL_IND_EMPL_ZS,Employment in industry (% of total employment) (modeled ILO estimate),2019,,14.67,,,,,,,,,,,
DATAFLOW,SPC:DF_WBWDI(1.0),Selection of World Bank World Development Indicators (WB WDI) for Pacific Island Countries and Territories,I,A,Annual,PF,French Polynesia,SL_IND_EMPL_ZS,Employment in industry (% of total employment) (modeled ILO estimate),2020,,14.77,,,,,,,,,,,
DATAFLOW,SPC:DF_WBWDI(1.0),Selection of World Bank World Development Indicators (WB WDI) for Pacific Island Countries and Territories,I,A,Annual,PF,French Polynesia,SL_IND_EMPL_ZS,Employment in industry (% of total employment) (modeled ILO estimate),2021,,14.69,,,,,,,,,,,
DATAFLOW,SPC:DF_WBWDI(1.0),Selection of World Bank World Development Indicators (WB WDI) for Pacific Island Countries and Territories,I,A,Annual,PF,French Polynesia,SL_IND_EMPL_ZS,Employment in industry (% of total employment) (modeled ILO estimate),2022,,14.59,,,,,,,,,,,
DATAFLOW,SPC:DF_WBWDI(1.0),Selection of World Bank World Development Indicators (WB WDI) for Pacific Island Countries and Territories,I,A,Annual,PF,French Polynesia,SL_SRV_EMPL_ZS,Employment in services (% of total employment) (modeled ILO estimate),2016,,82.6,,,,,,,,,,,
DATAFLOW,SPC:DF_WBWDI(1.0),Selection of World Bank World Development Indicators (WB WDI) for Pacific Island Countries and Territories,I,A,Annual,PF,French Polynesia,SL_SRV_EMPL_ZS,Employment in services (% of total employment) (modeled ILO estimate),2017,,82.73,,,,,,,,,,,
DATAFLOW,SPC:DF_WBWDI(1.0),Selection of World Bank World Development Indicators (WB WDI) for Pacific Island Countries and Territories,I,A,Annual,PF,French Polynesia,SL_SRV_EMPL_ZS,Employment in services (% of total employment) (modeled ILO estimate),2018,,82.97,,,,,,,,,,,
DATAFLOW,SPC:DF_WBWDI(1.0),Selection of World Bank World Development Indicators (WB WDI) for Pacific Island Countries and Territories,I,A,Annual,PF,French Polynesia,SL_SRV_EMPL_ZS,Employment in services (% of total employment) (modeled ILO estimate),2019,,83.14,,,,,,,,,,,
DATAFLOW,SPC:DF_WBWDI(1.0),Selection of World Bank World Development Indicators (WB WDI) for Pacific Island Countries and Territories,I,A,Annual,PF,French Polynesia,SL_SRV_EMPL_ZS,Employment in services (% of total employment) (modeled ILO estimate),2020,,83.07,,,,,,,,,,,
DATAFLOW,SPC:DF_WBWDI(1.0),Selection of World Bank World Development Indicators (WB WDI) for Pacific Island Countries and Territories,I,A,Annual,PF,French Polynesia,SL_SRV_EMPL_ZS,Employment in services (% of total employment) (modeled ILO estimate),2021,,83.15,,,,,,,,,,,
DATAFLOW,SPC:DF_WBWDI(1.0),Selection of World Bank World Development Indicators (WB WDI) for Pacific Island Countries and Territories,I,A,Annual,PF,French Polynesia,SL_SRV_EMPL_ZS,Employment in services (% of total employment) (modeled ILO estimate),2022,,83.31,,,,,,,,,,,
DATAFLOW,SPC:DF_WBWDI(1.0),Selection of World Bank World Development Indicators (WB WDI) for Pacific Island Countries and Territories,I,A,Annual,SB,Solomon Islands,SL_AGR_EMPL_ZS,Employment in agriculture (% of total employment) (modeled ILO estimate),2016,,40,,,,,,,,,,,
DATAFLOW,SPC:DF_WBWDI(1.0),Selection of World Bank World Development Indicators (WB WDI) for Pacific Island Countries and Territories,I,A,Annual,SB,Solomon Islands,SL_AGR_EMPL_ZS,Employment in agriculture (% of total employment) (modeled ILO estimate),2017,,38.99,,,,,,,,,,,
DATAFLOW,SPC:DF_WBWDI(1.0),Selection of World Bank World Development Indicators (WB WDI) for Pacific Island Countries and Territories,I,A,Annual,SB,Solomon Islands,SL_AGR_EMPL_ZS,Employment in agriculture (% of total employment) (modeled ILO estimate),2018,,38.84,,,,,,,,,,,
DATAFLOW,SPC:DF_WBWDI(1.0),Selection of World Bank World Development Indicators (WB WDI) for Pacific Island Countries and Territories,I,A,Annual,SB,Solomon Islands,SL_AGR_EMPL_ZS,Employment in agriculture (% of total employment) (modeled ILO estimate),2019,,38.03,,,,,,,,,,,
DATAFLOW,SPC:DF_WBWDI(1.0),Selection of World Bank World Development Indicators (WB WDI) for Pacific Island Countries and Territories,I,A,Annual,SB,Solomon Islands,SL_AGR_EMPL_ZS,Employment in agriculture (% of total employment) (modeled ILO estimate),2020,,38.11,,,,,,,,,,,
DATAFLOW,SPC:DF_WBWDI(1.0),Selection of World Bank World Development Indicators (WB WDI) for Pacific Island Countries and Territories,I,A,Annual,SB,Solomon Islands,SL_AGR_EMPL_ZS,Employment in agriculture (% of total employment) (modeled ILO estimate),2021,,37.88,,,,,,,,,,,
DATAFLOW,SPC:DF_WBWDI(1.0),Selection of World Bank World Development Indicators (WB WDI) for Pacific Island Countries and Territories,I,A,Annual,SB,Solomon Islands,SL_AGR_EMPL_ZS,Employment in agriculture (% of total employment) (modeled ILO estimate),2022,,37.29,,,,,,,,,,,
DATAFLOW,SPC:DF_WBWDI(1.0),Selection of World Bank World Development Indicators (WB WDI) for Pacific Island Countries and Territories,I,A,Annual,SB,Solomon Islands,SL_IND_EMPL_ZS,Employment in industry (% of total employment) (modeled ILO estimate),2016,,10.08,,,,,,,,,,,
DATAFLOW,SPC:DF_WBWDI(1.0),Selection of World Bank World Development Indicators (WB WDI) for Pacific Island Countries and Territories,I,A,Annual,SB,Solomon Islands,SL_IND_EMPL_ZS,Employment in industry (% of total employment) (modeled ILO estimate),2017,,10.45,,,,,,,,,,,
DATAFLOW,SPC:DF_WBWDI(1.0),Selection of World Bank World Development Indicators (WB WDI) for Pacific Island Countries and Territories,I,A,Annual,SB,Solomon Islands,SL_IND_EMPL_ZS,Employment in industry (% of total employment) (modeled ILO estimate),2018,,10.8,,,,,,,,,,,
DATAFLOW,SPC:DF_WBWDI(1.0),Selection of World Bank World Development Indicators (WB WDI) for Pacific Island Countries and Territories,I,A,Annual,SB,Solomon Islands,SL_IND_EMPL_ZS,Employment in industry (% of total employment) (modeled ILO estimate),2019,,11.11,,,,,,,,,,,
DATAFLOW,SPC:DF_WBWDI(1.0),Selection of World Bank World Development Indicators (WB WDI) for Pacific Island Countries and Territories,I,A,Annual,SB,Solomon Islands,SL_IND_EMPL_ZS,Employment in industry (% of total employment) (modeled ILO estimate),2020,,11.25,,,,,,,,,,,
DATAFLOW,SPC:DF_WBWDI(1.0),Selection of World Bank World Development Indicators (WB WDI) for Pacific Island Countries and Territories,I,A,Annual,SB,Solomon Islands,SL_IND_EMPL_ZS,Employment in industry (% of total employment) (modeled ILO estimate),2021,,11.39,,,,,,,,,,,
DATAFLOW,SPC:DF_WBWDI(1.0),Selection of World Bank World Development Indicators (WB WDI) for Pacific Island Countries and Territories,I,A,Annual,SB,Solomon Islands,SL_IND_EMPL_ZS,Employment in industry (% of total employment) (modeled ILO estimate),2022,,11.4,,,,,,,,,,,
DATAFLOW,SPC:DF_WBWDI(1.0),Selection of World Bank World Development Indicators (WB WDI) for Pacific Island Countries and Territories,I,A,Annual,TO,Tonga,SL_AGR_EMPL_ZS,Employment in agriculture (% of total employment) (modeled ILO estimate),2016,,31.16,,,,,,,,,,,
DATAFLOW,SPC:DF_WBWDI(1.0),Selection of World Bank World Development Indicators (WB WDI) for Pacific Island Countries and Territories,I,A,Annual,TO,Tonga,SL_AGR_EMPL_ZS,Employment in agriculture (% of total employment) (modeled ILO estimate),2017,,31.21,,,,,,,,,,,
DATAFLOW,SPC:DF_WBWDI(1.0),Selection of World Bank World Development Indicators (WB WDI) for Pacific Island Countries and Territories,I,A,Annual,TO,Tonga,SL_AGR_EMPL_ZS,Employment in agriculture (% of total employment) (modeled ILO estimate),2018,,31.09,,,,,,,,,,,
DATAFLOW,SPC:DF_WBWDI(1.0),Selection of World Bank World Development Indicators (WB WDI) for Pacific Island Countries and Territories,I,A,Annual,TO,Tonga,SL_AGR_EMPL_ZS,Employment in agriculture (% of total employment) (modeled ILO estimate),2019,,30.05,,,,,,,,,,,
DATAFLOW,SPC:DF_WBWDI(1.0),Selection of World Bank World Development Indicators (WB WDI) for Pacific Island Countries and Territories,I,A,Annual,TO,Tonga,SL_AGR_EMPL_ZS,Employment in agriculture (% of total employment) (modeled ILO estimate),2020,,28.75,,,,,,,,,,,
DATAFLOW,SPC:DF_WBWDI(1.0),Selection of World Bank World Development Indicators (WB WDI) for Pacific Island Countries and Territories,I,A,Annual,TO,Tonga,SL_AGR_EMPL_ZS,Employment in agriculture (% of total employment) (modeled ILO estimate),2021,,26.72,,,,,,,,,,,
DATAFLOW,SPC:DF_WBWDI(1.0),Selection of World Bank World Development Indicators (WB WDI) for Pacific Island Countries and Territories,I,A,Annual,TO,Tonga,SL_AGR_EMPL_ZS,Employment in agriculture (% of total employment) (modeled ILO estimate),2022,,26.94,,,,,,,,,,,
DATAFLOW,SPC:DF_WBWDI(1.0),Selection of World Bank World Development Indicators (WB WDI) for Pacific Island Countries and Territories,I,A,Annual,FJ,Fiji,SL_AGR_EMPL_ZS,Employment in agriculture (% of total employment) (modeled ILO estimate),2016,,30.61,,,,,,,,,,,
DATAFLOW,SPC:DF_WBWDI(1.0),Selection of World Bank World Development Indicators (WB WDI) for Pacific Island Countries and Territories,I,A,Annual,FJ,Fiji,SL_AGR_EMPL_ZS,Employment in agriculture (% of total employment) (modeled ILO estimate),2017,,29.99,,,,,,,,,,,
DATAFLOW,SPC:DF_WBWDI(1.0),Selection of World Bank World Development Indicators (WB WDI) for Pacific Island Countries and Territories,I,A,Annual,FJ,Fiji,SL_AGR_EMPL_ZS,Employment in agriculture (% of total employment) (modeled ILO estimate),2018,,29.52,,,,,,,,,,,
DATAFLOW,SPC:DF_WBWDI(1.0),Selection of World Bank World Development Indicators (WB WDI) for Pacific Island Countries and Territories,I,A,Annual,FJ,Fiji,SL_AGR_EMPL_ZS,Employment in agriculture (% of total employment) (modeled ILO estimate),2019,,29.35,,,,,,,,,,,
DATAFLOW,SPC:DF_WBWDI(1.0),Selection of World Bank World Development Indicators (WB WDI) for Pacific Island Countries and Territories,I,A,Annual,FJ,Fiji,SL_AGR_EMPL_ZS,Employment in agriculture (% of total employment) (modeled ILO estimate),2020,,29.67,,,,,,,,,,,
DATAFLOW,SPC:DF_WBWDI(1.0),Selection of World Bank World Development Indicators (WB WDI) for Pacific Island Countries and Territories,I,A,Annual,FJ,Fiji,SL_AGR_EMPL_ZS,Employment in agriculture (% of total employment) (modeled ILO estimate),2021,,29.4,,,,,,,,,,,
DATAFLOW,SPC:DF_WBWDI(1.0),Selection of World Bank World Development Indicators (WB WDI) for Pacific Island Countries and Territories,I,A,Annual,FJ,Fiji,SL_AGR_EMPL_ZS,Employment in agriculture (% of total employment) (modeled ILO estimate),2022,,28.8,,,,,,,,,,,
DATAFLOW,SPC:DF_WBWDI(1.0),Selection of World Bank World Development Indicators (WB WDI) for Pacific Island Countries and Territories,I,A,Annual,NC,New Caledonia,NV_AGR_TOTL_ZS,Agriculture value added (% of GDP),2016,,1.93,,,,,,,,,,,
DATAFLOW,SPC:DF_WBWDI(1.0),Selection of World Bank World Development Indicators (WB WDI) for Pacific Island Countries and Territories,I,A,Annual,NC,New Caledonia,NV_AGR_TOTL_ZS,Agriculture value added (% of GDP),2017,,2.01,,,,,,,,,,,
DATAFLOW,SPC:DF_WBWDI(1.0),Selection of World Bank World Development Indicators (WB WDI) for Pacific Island Countries and Territories,I,A,Annual,NC,New Caledonia,NV_AGR_TOTL_ZS,Agriculture value added (% of GDP),2019,,1.79,,,,,,,,,,,
DATAFLOW,SPC:DF_WBWDI(1.0),Selection of World Bank World Development Indicators (WB WDI) for Pacific Island Countries and Territories,I,A,Annual,PG,Papua New Guinea,SL_IND_EMPL_ZS,Employment in industry (% of total employment) (modeled ILO estimate),2016,,9.67,,,,,,,,,,,
DATAFLOW,SPC:DF_WBWDI(1.0),Selection of World Bank World Development Indicators (WB WDI) for Pacific Island Countries and Territories,I,A,Annual,PG,Papua New Guinea,SL_IND_EMPL_ZS,Employment in industry (% of total employment) (modeled ILO estimate),2017,,10.04,,,,,,,,,,,
DATAFLOW,SPC:DF_WBWDI(1.0),Selection of World Bank World Development Indicators (WB WDI) for Pacific Island Countries and Territories,I,A,Annual,PG,Papua New Guinea,SL_IND_EMPL_ZS,Employment in industry (% of total employment) (modeled ILO estimate),2018,,10.44,,,,,,,,,,,
DATAFLOW,SPC:DF_WBWDI(1.0),Selection of World Bank World Development Indicators (WB WDI) for Pacific Island Countries and Territories,I,A,Annual,PG,Papua New Guinea,SL_IND_EMPL_ZS,Employment in industry (% of total employment) (modeled ILO estimate),2019,,10.76,,,,,,,,,,,
DATAFLOW,SPC:DF_WBWDI(1.0),Selection of World Bank World Development Indicators (WB WDI) for Pacific Island Countries and Territories,I,A,Annual,PG,Papua New Guinea,SL_IND_EMPL_ZS,Employment in industry (% of total employment) (modeled ILO estimate),2020,,11,,,,,,,,,,,
DATAFLOW,SPC:DF_WBWDI(1.0),Selection of World Bank World Development Indicators (WB WDI) for Pacific Island Countries and Territories,I,A,Annual,PG,Papua New Guinea,SL_IND_EMPL_ZS,Employment in industry (% of total employment) (modeled ILO estimate),2021,,11.36,,,,,,,,,,,
DATAFLOW,SPC:DF_WBWDI(1.0),Selection of World Bank World Development Indicators (WB WDI) for Pacific Island Countries and Territories,I,A,Annual,PG,Papua New Guinea,SL_IND_EMPL_ZS,Employment in industry (% of total employment) (modeled ILO estimate),2022,,11.51,,,,,,,,,,,
