Country Name,Indicator Name,2000,2001,2002,2003,2004,2005,2006,2007,2008,2009,2010,2011,2012,2013,2014,2015,2016,2017,2018,2019,2020,2021,2022,2023,income_level,trend,slope,r_value,p_value,percent_change
Afghanistan,"Maternal mortality ratio (modeled estimate, per 100,000 live births)",1346.0,1273.0,1277.0,1196.0,1115.0,1103.0,1044.0,1023.0,962.0,913.0,899.0,884.0,833.0,821.0,785.0,776.0,750.0,682.0,663.0,644.0,620.0,,,,Low income,decreasing,-35.305194805194795,-0.9891807005407428,2.65105747010935e-17,-53.937592867756315
Albania,"Maternal mortality ratio (modeled estimate, per 100,000 live births)",14.0,13.0,12.0,12.0,11.0,11.0,11.0,10.0,10.0,9.0,9.0,8.0,8.0,7.0,7.0,7.0,7.0,7.0,5.0,5.0,8.0,,,,Upper middle income,decreasing,-0.3857142857142858,-0.9467372789796736,8.46642497799431e-11,-42.857142857142854
Algeria,"Maternal mortality ratio (modeled estimate, per 100,000 live births)",159.0,156.0,150.0,153.0,137.0,144.0,134.0,125.0,117.0,115.0,112.0,105.0,99.0,94.0,86.0,89.0,89.0,89.0,79.0,77.0,78.0,,,,Lower middle income,decreasing,-4.455844155844156,-0.9829592547189747,1.9373940210170746e-15,-50.943396226415096
American Samoa,"Maternal mortality ratio (modeled estimate, per 100,000 live births)",,,,,,,,,,,,,,,,,,,,,,,,,High income,decreasing,,,,
Andorra,"Maternal mortality ratio (modeled estimate, per 100,000 live births)",,,,,,,,,,,,,,,,,,,,,,,,,High income,decreasing,,,,
Angola,"Maternal mortality ratio (modeled estimate, per 100,000 live births)",860.0,800.0,758.0,676.0,594.0,550.0,508.0,463.0,438.0,399.0,367.0,335.0,304.0,291.0,292.0,274.0,270.0,253.0,233.0,228.0,222.0,,,,Lower middle income,decreasing,-30.811688311688307,-0.9497382309861032,4.938100965405468e-11,-74.18604651162791
Antigua and Barbuda,"Maternal mortality ratio (modeled estimate, per 100,000 live births)",51.0,47.0,41.0,44.0,43.0,34.0,35.0,34.0,39.0,37.0,31.0,31.0,30.0,29.0,23.0,27.0,21.0,21.0,19.0,19.0,21.0,,,,High income,decreasing,-1.4844155844155837,-0.9592743694730266,6.946737756379584e-12,-58.82352941176471
Argentina,"Maternal mortality ratio (modeled estimate, per 100,000 live births)",72.0,72.0,71.0,79.0,73.0,63.0,61.0,63.0,59.0,57.0,55.0,50.0,45.0,43.0,42.0,39.0,40.0,38.0,34.0,33.0,45.0,,,,Upper middle income,decreasing,-2.198701298701299,-0.9493723297572925,5.2827776441622484e-11,-37.5
Armenia,"Maternal mortality ratio (modeled estimate, per 100,000 live births)",50.0,50.0,48.0,43.0,42.0,38.0,40.0,36.0,34.0,33.0,33.0,31.0,29.0,27.0,28.0,25.0,24.0,25.0,25.0,25.0,27.0,,,,Upper middle income,decreasing,-1.3311688311688312,-0.9528090914679018,2.7459384882414245e-11,-46.0
Aruba,"Maternal mortality ratio (modeled estimate, per 100,000 live births)",,,,,,,,,,,,,,,,,,,,,,,,,High income,decreasing,,,,
Australia,"Maternal mortality ratio (modeled estimate, per 100,000 live births)",7.0,6.0,6.0,6.0,5.0,5.0,5.0,5.0,5.0,5.0,5.0,6.0,6.0,6.0,5.0,5.0,5.0,5.0,4.0,5.0,3.0,,,,High income,decreasing,-0.08571428571428572,-0.6400431019968835,0.0017782045270338122,-57.14285714285714
Austria,"Maternal mortality ratio (modeled estimate, per 100,000 live births)",6.0,6.0,6.0,6.0,5.0,6.0,6.0,6.0,6.0,6.0,6.0,6.0,6.0,6.0,6.0,6.0,5.0,5.0,6.0,5.0,5.0,,,,High income,decreasing,-0.03376623376623377,-0.4800568148193977,0.027633458296509147,-16.666666666666664
Azerbaijan,"Maternal mortality ratio (modeled estimate, per 100,000 live births)",56.0,55.0,54.0,51.0,47.0,44.0,39.0,34.0,33.0,33.0,33.0,31.0,29.0,28.0,29.0,29.0,26.0,27.0,28.0,27.0,41.0,,,,Upper middle income,decreasing,-1.3597402597402597,-0.8220783753743486,4.842205287143617e-06,-26.785714285714285
"Bahamas, The","Maternal mortality ratio (modeled estimate, per 100,000 live births)",61.0,63.0,66.0,69.0,72.0,74.0,79.0,86.0,86.0,89.0,79.0,101.0,101.0,82.0,97.0,84.0,79.0,77.0,77.0,82.0,77.0,,,,High income,increasing,0.8688311688311688,0.48757962911497443,0.024956599073158173,26.229508196721312
Bahrain,"Maternal mortality ratio (modeled estimate, per 100,000 live births)",24.0,23.0,25.0,25.0,22.0,21.0,21.0,18.0,18.0,18.0,20.0,19.0,18.0,16.0,15.0,16.0,15.0,15.0,14.0,15.0,16.0,,,,High income,decreasing,-0.5272727272727272,-0.9257126004689771,1.8377881370081648e-09,-33.33333333333333
Bangladesh,"Maternal mortality ratio (modeled estimate, per 100,000 live births)",441.0,437.0,414.0,404.0,372.0,376.0,353.0,377.0,368.0,338.0,301.0,301.0,237.0,219.0,219.0,212.0,196.0,183.0,172.0,157.0,123.0,,,,Lower middle income,decreasing,-16.06233766233766,-0.983799018419777,1.2026279016152593e-15,-72.10884353741497
Barbados,"Maternal mortality ratio (modeled estimate, per 100,000 live births)",48.0,49.0,47.0,45.0,43.0,43.0,42.0,40.0,54.0,53.0,53.0,53.0,52.0,51.0,49.0,49.0,48.0,47.0,47.0,47.0,39.0,,,,High income,increasing,0.02987012987012987,0.04256778321343141,0.8546350158546915,-18.75
Belarus,"Maternal mortality ratio (modeled estimate, per 100,000 live births)",24.0,23.0,17.0,14.0,11.0,11.0,8.0,6.0,4.0,3.0,3.0,3.0,2.0,2.0,1.0,1.0,1.0,1.0,1.0,1.0,1.0,,,,Upper middle income,decreasing,-1.0402597402597402,-0.877090250349882,1.807056606575675e-07,-95.83333333333334
Belgium,"Maternal mortality ratio (modeled estimate, per 100,000 live births)",8.0,8.0,8.0,7.0,7.0,7.0,6.0,7.0,6.0,6.0,6.0,6.0,5.0,6.0,5.0,5.0,5.0,5.0,5.0,5.0,5.0,,,,High income,decreasing,-0.1636363636363637,-0.9305716718037557,9.852966454308519e-10,-37.5
Belize,"Maternal mortality ratio (modeled estimate, per 100,000 live births)",86.0,86.0,76.0,78.0,80.0,72.0,64.0,56.0,46.0,39.0,33.0,33.0,28.0,32.0,38.0,49.0,59.0,72.0,78.0,86.0,130.0,,,,Lower middle income,decreasing,-0.058441558441558066,-0.01428713023004274,0.9509883905546364,51.162790697674424
Benin,"Maternal mortality ratio (modeled estimate, per 100,000 live births)",469.0,483.0,505.0,505.0,520.0,509.0,503.0,488.0,504.0,584.0,598.0,615.0,625.0,608.0,612.0,591.0,590.0,569.0,542.0,522.0,523.0,,,,Lower middle income,increasing,4.5896103896103915,0.5626056777140507,0.007930774627465813,11.513859275053305
Bermuda,"Maternal mortality ratio (modeled estimate, per 100,000 live births)",,,,,,,,,,,,,,,,,,,,,,,,,High income,decreasing,,,,
Bhutan,"Maternal mortality ratio (modeled estimate, per 100,000 live births)",305.0,257.0,256.0,222.0,197.0,186.0,183.0,153.0,141.0,129.0,117.0,94.0,92.0,84.0,78.0,74.0,66.0,68.0,57.0,62.0,60.0,,,,Lower middle income,decreasing,-11.663636363636364,-0.9554338939804364,1.6108334911967486e-11,-80.32786885245902
Bolivia,"Maternal mortality ratio (modeled estimate, per 100,000 live births)",284.0,261.0,253.0,251.0,236.0,230.0,218.0,220.0,211.0,187.0,184.0,178.0,179.0,175.0,163.0,165.0,161.0,164.0,171.0,176.0,161.0,,,,Lower middle income,decreasing,-5.796103896103896,-0.9361869498021436,4.5212207709434937e-10,-43.309859154929576
Bosnia and Herzegovina,"Maternal mortality ratio (modeled estimate, per 100,000 live births)",16.0,14.0,15.0,12.0,11.0,11.0,10.0,9.0,8.0,8.0,8.0,8.0,7.0,8.0,8.0,7.0,6.0,6.0,6.0,5.0,6.0,,,,Upper middle income,decreasing,-0.464935064935065,-0.9262682953011895,1.715042206130563e-09,-62.5
Botswana,"Maternal mortality ratio (modeled estimate, per 100,000 live births)",182.0,184.0,174.0,184.0,196.0,201.0,213.0,216.0,222.0,185.0,156.0,226.0,260.0,142.0,179.0,184.0,134.0,108.0,162.0,118.0,186.0,,,,Upper middle income,decreasing,-2.441558441558442,-0.41268922155403903,0.06299324397615741,2.197802197802198
Brazil,"Maternal mortality ratio (modeled estimate, per 100,000 live births)",68.0,68.0,72.0,69.0,70.0,70.0,71.0,72.0,70.0,68.0,64.0,62.0,57.0,61.0,62.0,62.0,63.0,60.0,59.0,61.0,72.0,,,,Upper middle income,decreasing,-0.48441558441558435,-0.6149447076728484,0.0030101333886523884,5.88235294117647
British Virgin Islands,"Maternal mortality ratio (modeled estimate, per 100,000 live births)",,,,,,,,,,,,,,,,,,,,,,,,,High income,decreasing,,,,
Brunei Darussalam,"Maternal mortality ratio (modeled estimate, per 100,000 live births)",50.0,50.0,51.0,46.0,46.0,46.0,46.0,48.0,48.0,42.0,42.0,42.0,43.0,43.0,44.0,45.0,45.0,45.0,45.0,45.0,44.0,,,,High income,decreasing,-0.26493506493506486,-0.6230254220597817,0.002553153851039778,-12.0
Bulgaria,"Maternal mortality ratio (modeled estimate, per 100,000 live births)",22.0,21.0,19.0,17.0,15.0,14.0,12.0,10.0,9.0,10.0,10.0,8.0,8.0,7.0,7.0,8.0,7.0,7.0,7.0,7.0,7.0,,,,Upper middle income,decreasing,-0.7181818181818181,-0.8975885097196074,3.4684894777497096e-08,-68.18181818181817
Burkina Faso,"Maternal mortality ratio (modeled estimate, per 100,000 live births)",506.0,500.0,497.0,457.0,438.0,417.0,406.0,400.0,375.0,368.0,357.0,340.0,321.0,324.0,313.0,295.0,293.0,283.0,277.0,283.0,264.0,,,,Low income,decreasing,-12.424675324675325,-0.9814021929885227,4.4191933917126834e-15,-47.82608695652174
Burundi,"Maternal mortality ratio (modeled estimate, per 100,000 live births)",874.0,823.0,779.0,779.0,740.0,713.0,696.0,676.0,630.0,618.0,608.0,575.0,564.0,555.0,527.0,514.0,508.0,499.0,518.0,479.0,494.0,,,,Low income,decreasing,-18.889610389610393,-0.9732570959492884,1.3495992376796438e-13,-43.47826086956522
Cabo Verde,"Maternal mortality ratio (modeled estimate, per 100,000 live births)",125.0,103.0,96.0,82.0,74.0,77.0,73.0,66.0,69.0,58.0,54.0,50.0,54.0,42.0,42.0,47.0,42.0,40.0,48.0,42.0,42.0,,,,Lower middle income,decreasing,-3.41948051948052,-0.9077443238772602,1.3395020822339717e-08,-66.4
Cambodia,"Maternal mortality ratio (modeled estimate, per 100,000 live births)",606.0,574.0,497.0,464.0,447.0,382.0,350.0,327.0,309.0,277.0,276.0,252.0,246.0,229.0,228.0,209.0,197.0,204.0,209.0,214.0,218.0,,,,Lower middle income,decreasing,-18.885714285714286,-0.9193764097205761,3.899914557348749e-09,-64.02640264026402
Cameroon,"Maternal mortality ratio (modeled estimate, per 100,000 live births)",651.0,629.0,611.0,574.0,556.0,573.0,558.0,529.0,532.0,534.0,527.0,519.0,487.0,491.0,478.0,447.0,437.0,443.0,424.0,440.0,438.0,,,,Lower middle income,decreasing,-10.554545454545455,-0.9743307267562059,9.182592360523393e-14,-32.71889400921659
Canada,"Maternal mortality ratio (modeled estimate, per 100,000 live births)",9.0,10.0,10.0,11.0,11.0,11.0,11.0,11.0,13.0,13.0,12.0,12.0,12.0,11.0,12.0,12.0,13.0,13.0,11.0,11.0,11.0,,,,High income,increasing,0.08961038961038958,0.5168865612218188,0.01642568622611578,22.22222222222222
Cayman Islands,"Maternal mortality ratio (modeled estimate, per 100,000 live births)",,,,,,,,,,,,,,,,,,,,,,,,,High income,decreasing,,,,
Central African Republic,"Maternal mortality ratio (modeled estimate, per 100,000 live births)",1315.0,1284.0,1281.0,1248.0,1217.0,1158.0,1116.0,1124.0,1108.0,1105.0,1052.0,1029.0,963.0,963.0,939.0,909.0,877.0,904.0,868.0,847.0,835.0,,,,Low income,decreasing,-25.048051948051945,-0.9904077200673101,8.488730478720052e-18,-36.50190114068441
Chad,"Maternal mortality ratio (modeled estimate, per 100,000 live births)",1366.0,1343.0,1291.0,1255.0,1229.0,1241.0,1255.0,1264.0,1245.0,1311.0,1303.0,1284.0,1237.0,1217.0,1142.0,1125.0,1145.0,1095.0,1076.0,1047.0,1063.0,,,,Low income,decreasing,-13.316883116883114,-0.8761033209444443,1.94191641086063e-07,-22.18155197657394
Channel Islands,"Maternal mortality ratio (modeled estimate, per 100,000 live births)",,,,,,,,,,,,,,,,,,,,,,,,,High income,decreasing,,,,
China,"Maternal mortality ratio (modeled estimate, per 100,000 live births)",58.0,55.0,54.0,43.0,49.0,46.0,43.0,39.0,38.0,34.0,33.0,32.0,28.0,28.0,26.0,26.0,23.0,22.0,20.0,20.0,23.0,,,,Upper middle income,decreasing,-1.8999999999999995,-0.9723874998097136,1.8228834658211415e-13,-60.3448275862069
Colombia,"Maternal mortality ratio (modeled estimate, per 100,000 live births)",93.0,94.0,93.0,83.0,82.0,82.0,82.0,83.0,73.0,71.0,71.0,71.0,71.0,70.0,70.0,70.0,70.0,71.0,63.0,65.0,75.0,,,,Upper middle income,decreasing,-1.283116883116883,-0.8700563760147715,2.979693069535036e-07,-19.35483870967742
Comoros,"Maternal mortality ratio (modeled estimate, per 100,000 live births)",456.0,435.0,392.0,385.0,374.0,360.0,365.0,358.0,361.0,311.0,316.0,293.0,297.0,285.0,292.0,261.0,255.0,241.0,244.0,237.0,217.0,,,,Lower middle income,decreasing,-10.68831168831169,-0.9811874420445381,4.924358003675262e-15,-52.41228070175439
"Congo, Dem. Rep.","Maternal mortality ratio (modeled estimate, per 100,000 live births)",668.0,661.0,662.0,655.0,643.0,635.0,619.0,629.0,621.0,603.0,601.0,585.0,595.0,585.0,573.0,578.0,562.0,570.0,543.0,541.0,547.0,,,,Low income,decreasing,-6.4857142857142875,-0.9871714303606696,1.3269309985289186e-16,-18.113772455089823
"Congo, Rep.","Maternal mortality ratio (modeled estimate, per 100,000 live births)",660.0,641.0,620.0,587.0,541.0,488.0,479.0,439.0,415.0,415.0,389.0,387.0,402.0,362.0,375.0,360.0,353.0,366.0,370.0,292.0,282.0,,,,Lower middle income,decreasing,-16.801298701298705,-0.9391273219723252,2.9219355544899055e-10,-57.27272727272727
Costa Rica,"Maternal mortality ratio (modeled estimate, per 100,000 live births)",39.0,37.0,36.0,37.0,32.0,31.0,29.0,28.0,27.0,26.0,27.0,24.0,24.0,23.0,24.0,20.0,19.0,19.0,18.0,19.0,22.0,,,,Upper middle income,decreasing,-1.0103896103896106,-0.9559009183084922,1.4600963472605914e-11,-43.58974358974359
Cote d'Ivoire,"Maternal mortality ratio (modeled estimate, per 100,000 live births)",473.0,495.0,520.0,539.0,536.0,540.0,583.0,589.0,589.0,619.0,604.0,591.0,597.0,579.0,550.0,530.0,537.0,512.0,522.0,483.0,480.0,,,,Lower middle income,decreasing,-0.5571428571428572,-0.07861261141606682,0.7348252845020408,1.4799154334038054
Croatia,"Maternal mortality ratio (modeled estimate, per 100,000 live births)",11.0,11.0,11.0,11.0,10.0,9.0,9.0,9.0,8.0,9.0,7.0,7.0,6.0,6.0,6.0,6.0,5.0,5.0,5.0,5.0,5.0,,,,Upper middle income,decreasing,-0.35844155844155845,-0.9722087440488943,1.9367790101137621e-13,-54.54545454545454
Cuba,"Maternal mortality ratio (modeled estimate, per 100,000 live births)",47.0,47.0,45.0,39.0,41.0,43.0,46.0,45.0,42.0,40.0,41.0,40.0,41.0,41.0,41.0,39.0,41.0,40.0,39.0,40.0,39.0,,,,Upper middle income,decreasing,-0.3090909090909091,-0.7202427496433564,0.00023138414487018923,-17.02127659574468
Cyprus,"Maternal mortality ratio (modeled estimate, per 100,000 live births)",33.0,33.0,34.0,31.0,32.0,27.0,31.0,26.0,27.0,30.0,27.0,31.0,32.0,36.0,39.0,42.0,42.0,49.0,59.0,64.0,68.0,,,,High income,increasing,1.5103896103896104,0.7614242232446873,6.0871486555499985e-05,106.06060606060606
Czechia,"Maternal mortality ratio (modeled estimate, per 100,000 live births)",8.0,8.0,7.0,6.0,6.0,5.0,5.0,5.0,5.0,5.0,4.0,4.0,4.0,3.0,3.0,4.0,3.0,3.0,3.0,3.0,3.0,,,,High income,decreasing,-0.24415584415584413,-0.9310430025495426,9.252800328326098e-10,-62.5
Denmark,"Maternal mortality ratio (modeled estimate, per 100,000 live births)",8.0,8.0,8.0,8.0,7.0,7.0,7.0,7.0,7.0,7.0,7.0,7.0,6.0,5.0,5.0,6.0,5.0,5.0,5.0,5.0,5.0,,,,High income,decreasing,-0.17532467532467533,-0.9338145262192007,6.335601954537932e-10,-37.5
Djibouti,"Maternal mortality ratio (modeled estimate, per 100,000 live births)",512.0,487.0,454.0,440.0,394.0,368.0,322.0,325.0,322.0,294.0,274.0,269.0,257.0,246.0,236.0,244.0,251.0,247.0,257.0,244.0,234.0,,,,Lower middle income,decreasing,-13.127272727272725,-0.9114228078281272,9.235323253462414e-09,-54.296875
Dominica,"Maternal mortality ratio (modeled estimate, per 100,000 live births)",,,,,,,,,,,,,,,,,,,,,,,,,Upper middle income,decreasing,,,,
Dominican Republic,"Maternal mortality ratio (modeled estimate, per 100,000 live births)",79.0,69.0,70.0,75.0,81.0,87.0,85.0,89.0,92.0,93.0,92.0,93.0,91.0,93.0,96.0,99.0,102.0,104.0,109.0,103.0,107.0,,,,Upper middle income,increasing,1.7415584415584413,0.9481559242658597,6.587833608260406e-11,35.44303797468354
Ecuador,"Maternal mortality ratio (modeled estimate, per 100,000 live births)",120.0,116.0,111.0,98.0,94.0,92.0,90.0,88.0,88.0,86.0,76.0,73.0,72.0,72.0,65.0,66.0,70.0,69.0,71.0,74.0,66.0,,,,Upper middle income,decreasing,-2.4779220779220776,-0.9147094445678975,6.533548858376598e-09,-45.0
"Egypt, Arab Rep.","Maternal mortality ratio (modeled estimate, per 100,000 live births)",79.0,76.0,73.0,66.0,63.0,58.0,53.0,48.0,44.0,40.0,38.0,34.0,31.0,28.0,25.0,24.0,21.0,20.0,19.0,18.0,17.0,,,,Lower middle income,decreasing,-3.275324675324675,-0.980815719531248,5.921771709949614e-15,-78.48101265822784
El Salvador,"Maternal mortality ratio (modeled estimate, per 100,000 live births)",49.0,47.0,39.0,39.0,35.0,35.0,36.0,37.0,34.0,36.0,36.0,37.0,38.0,39.0,41.0,44.0,42.0,45.0,45.0,39.0,43.0,,,,Lower middle income,increasing,0.10389610389610393,0.15003458226815752,0.5162513498410348,-12.244897959183673
Equatorial Guinea,"Maternal mortality ratio (modeled estimate, per 100,000 live births)",427.0,390.0,351.0,317.0,286.0,258.0,241.0,234.0,231.0,230.0,211.0,194.0,179.0,187.0,207.0,201.0,182.0,197.0,219.0,216.0,212.0,,,,Upper middle income,decreasing,-9.01038961038961,-0.8041060677188564,1.1207816802378383e-05,-50.35128805620609
Eritrea,"Maternal mortality ratio (modeled estimate, per 100,000 live births)",735.0,654.0,643.0,619.0,575.0,546.0,522.0,521.0,529.0,481.0,480.0,454.0,422.0,420.0,398.0,399.0,389.0,359.0,338.0,332.0,322.0,,,,Low income,decreasing,-18.414285714285718,-0.9813076813179529,4.635510899883249e-15,-56.19047619047619
Estonia,"Maternal mortality ratio (modeled estimate, per 100,000 live births)",25.0,22.0,20.0,19.0,15.0,13.0,11.0,11.0,10.0,9.0,8.0,8.0,8.0,7.0,7.0,6.0,6.0,6.0,5.0,5.0,5.0,,,,High income,decreasing,-0.8909090909090909,-0.9163679387335261,5.457618024488285e-09,-80.0
Eswatini,"Maternal mortality ratio (modeled estimate, per 100,000 live births)",588.0,600.0,607.0,660.0,663.0,678.0,644.0,664.0,691.0,783.0,672.0,627.0,599.0,512.0,426.0,338.0,275.0,237.0,218.0,228.0,240.0,,,,Lower middle income,decreasing,-24.151948051948057,-0.8033943002741284,1.1566187769421079e-05,-59.183673469387756
Ethiopia,"Maternal mortality ratio (modeled estimate, per 100,000 live births)",953.0,955.0,960.0,906.0,900.0,880.0,814.0,780.0,725.0,684.0,635.0,603.0,543.0,498.0,447.0,399.0,356.0,348.0,312.0,294.0,267.0,,,,Low income,decreasing,-39.38571428571429,-0.992867698884013,5.13321777744118e-19,-71.98321091290661
Faroe Islands,"Maternal mortality ratio (modeled estimate, per 100,000 live births)",,,,,,,,,,,,,,,,,,,,,,,,,High income,decreasing,,,,
Fiji,"Maternal mortality ratio (modeled estimate, per 100,000 live births)",49.0,47.0,49.0,48.0,46.0,45.0,44.0,44.0,43.0,42.0,42.0,39.0,39.0,39.0,38.0,39.0,40.0,37.0,37.0,38.0,38.0,,,,Upper middle income,decreasing,-0.6233766233766233,-0.9508524281357031,4.0084008438501935e-11,-22.448979591836736
Finland,"Maternal mortality ratio (modeled estimate, per 100,000 live births)",7.0,7.0,7.0,7.0,7.0,8.0,7.0,7.0,7.0,7.0,7.0,7.0,7.0,7.0,7.0,7.0,8.0,7.0,8.0,9.0,8.0,,,,High income,increasing,0.048051948051948054,0.5318376064828638,0.013085119205091263,14.285714285714285
France,"Maternal mortality ratio (modeled estimate, per 100,000 live births)",9.0,9.0,9.0,9.0,9.0,9.0,10.0,8.0,10.0,10.0,9.0,9.0,9.0,9.0,9.0,8.0,8.0,8.0,8.0,8.0,8.0,,,,High income,decreasing,-0.06363636363636363,-0.5809777493735058,0.005747253093522673,-11.11111111111111
French Polynesia,"Maternal mortality ratio (modeled estimate, per 100,000 live births)",,,,,,,,,,,,,,,,,,,,,,,,,High income,decreasing,,,,
Gabon,"Maternal mortality ratio (modeled estimate, per 100,000 live births)",249.0,243.0,238.0,223.0,227.0,239.0,239.0,238.0,219.0,212.0,193.0,188.0,178.0,194.0,216.0,212.0,216.0,218.0,229.0,225.0,227.0,,,,Upper middle income,decreasing,-1.3246753246753242,-0.42991158341966657,0.051756827287708744,-8.835341365461847
"Gambia, The","Maternal mortality ratio (modeled estimate, per 100,000 live births)",778.0,748.0,772.0,770.0,745.0,718.0,689.0,698.0,667.0,647.0,620.0,597.0,575.0,598.0,543.0,535.0,505.0,494.0,512.0,474.0,458.0,,,,Low income,decreasing,-17.079220779220783,-0.9887253377831399,3.915136694692752e-17,-41.131105398457585
Georgia,"Maternal mortality ratio (modeled estimate, per 100,000 live births)",53.0,45.0,44.0,43.0,50.0,45.0,44.0,44.0,42.0,43.0,41.0,39.0,36.0,33.0,29.0,30.0,25.0,26.0,26.0,26.0,28.0,,,,Upper middle income,decreasing,-1.3220779220779224,-0.9396567237327493,2.6948794489962e-10,-47.16981132075472
Germany,"Maternal mortality ratio (modeled estimate, per 100,000 live births)",7.0,7.0,7.0,7.0,7.0,7.0,5.0,6.0,6.0,7.0,6.0,6.0,5.0,5.0,5.0,5.0,5.0,5.0,5.0,4.0,4.0,,,,High income,decreasing,-0.14935064935064937,-0.8874203552206053,8.183057877907923e-08,-42.857142857142854
Ghana,"Maternal mortality ratio (modeled estimate, per 100,000 live births)",499.0,470.0,443.0,424.0,420.0,390.0,365.0,354.0,354.0,337.0,337.0,317.0,305.0,305.0,286.0,286.0,258.0,274.0,273.0,244.0,263.0,,,,Lower middle income,decreasing,-11.52857142857143,-0.9684711412203836,6.329366905964998e-13,-47.29458917835671
Gibraltar,"Maternal mortality ratio (modeled estimate, per 100,000 live births)",,,,,,,,,,,,,,,,,,,,,,,,,High income,decreasing,,,,
Greece,"Maternal mortality ratio (modeled estimate, per 100,000 live births)",4.0,4.0,4.0,4.0,3.0,3.0,3.0,3.0,3.0,3.0,3.0,4.0,4.0,4.0,5.0,5.0,5.0,6.0,6.0,6.0,8.0,,,,High income,increasing,0.161038961038961,0.7418369893892159,0.0001184372077144474,100.0
Greenland,"Maternal mortality ratio (modeled estimate, per 100,000 live births)",,,,,,,,,,,,,,,,,,,,,,,,,High income,decreasing,,,,
Grenada,"Maternal mortality ratio (modeled estimate, per 100,000 live births)",42.0,40.0,36.0,34.0,41.0,32.0,30.0,29.0,29.0,27.0,27.0,27.0,26.0,25.0,24.0,23.0,23.0,24.0,21.0,20.0,21.0,,,,Upper middle income,decreasing,-1.006493506493506,-0.9399130920180675,2.5906741597146054e-10,-50.0
Guam,"Maternal mortality ratio (modeled estimate, per 100,000 live births)",,,,,,,,,,,,,,,,,,,,,,,,,High income,decreasing,,,,
Guatemala,"Maternal mortality ratio (modeled estimate, per 100,000 live births)",152.0,140.0,143.0,145.0,140.0,149.0,135.0,136.0,136.0,125.0,123.0,120.0,118.0,109.0,107.0,107.0,103.0,95.0,98.0,100.0,96.0,,,,Upper middle income,decreasing,-2.981818181818182,-0.9702665393953741,3.651750790762789e-13,-36.84210526315789
Guinea,"Maternal mortality ratio (modeled estimate, per 100,000 live births)",971.0,943.0,929.0,916.0,887.0,846.0,817.0,764.0,737.0,744.0,741.0,744.0,679.0,677.0,661.0,649.0,626.0,572.0,568.0,556.0,553.0,,,,Lower middle income,decreasing,-21.44285714285714,-0.9883702264746681,5.249214906124451e-17,-43.04840370751803
Guinea-Bissau,"Maternal mortality ratio (modeled estimate, per 100,000 live births)",1300.0,1203.0,1136.0,1100.0,1008.0,977.0,875.0,845.0,841.0,804.0,795.0,767.0,758.0,742.0,733.0,713.0,673.0,705.0,648.0,710.0,725.0,,,,Low income,decreasing,-27.618181818181814,-0.9132766689567062,7.610260196240937e-09,-44.230769230769226
Guyana,"Maternal mortality ratio (modeled estimate, per 100,000 live births)",190.0,190.0,173.0,180.0,172.0,172.0,177.0,168.0,150.0,145.0,148.0,142.0,136.0,133.0,131.0,128.0,127.0,123.0,118.0,110.0,112.0,,,,Upper middle income,decreasing,-4.089610389610391,-0.9814630842996228,4.284646605447123e-15,-41.05263157894737
Haiti,"Maternal mortality ratio (modeled estimate, per 100,000 live births)",400.0,417.0,389.0,373.0,429.0,363.0,343.0,366.0,383.0,394.0,403.0,424.0,384.0,392.0,389.0,391.0,388.0,351.0,359.0,349.0,350.0,,,,Lower middle income,decreasing,-1.7116883116883117,-0.4293483059533946,0.05209806793373323,-12.5
Honduras,"Maternal mortality ratio (modeled estimate, per 100,000 live births)",82.0,77.0,73.0,77.0,72.0,75.0,77.0,77.0,81.0,73.0,73.0,72.0,65.0,65.0,68.0,67.0,62.0,64.0,65.0,67.0,72.0,,,,Lower middle income,decreasing,-0.714285714285714,-0.7674850301179107,4.891772281094807e-05,-12.195121951219512
"Hong Kong SAR, China","Maternal mortality ratio (modeled estimate, per 100,000 live births)",,,,,,,,,,,,,,,,,,,,,,,,,High income,decreasing,,,,
Hungary,"Maternal mortality ratio (modeled estimate, per 100,000 live births)",15.0,14.0,14.0,14.0,13.0,13.0,13.0,14.0,14.0,14.0,15.0,16.0,15.0,15.0,15.0,15.0,14.0,14.0,15.0,14.0,15.0,,,,High income,increasing,0.05064935064935063,0.3949008545116777,0.07644901473905703,0.0
Iceland,"Maternal mortality ratio (modeled estimate, per 100,000 live births)",5.0,4.0,4.0,5.0,4.0,4.0,4.0,4.0,3.0,3.0,3.0,3.0,3.0,4.0,3.0,3.0,3.0,3.0,3.0,3.0,3.0,,,,High income,decreasing,-0.08571428571428573,-0.7825414583398242,2.7605566506920975e-05,-40.0
India,"Maternal mortality ratio (modeled estimate, per 100,000 live births)",384.0,371.0,329.0,315.0,301.0,286.0,248.0,234.0,221.0,207.0,179.0,170.0,162.0,154.0,135.0,128.0,121.0,119.0,116.0,116.0,103.0,,,,Lower middle income,decreasing,-14.153246753246755,-0.9719976578891084,2.0794195226109057e-13,-73.17708333333334
Indonesia,"Maternal mortality ratio (modeled estimate, per 100,000 live births)",299.0,284.0,286.0,269.0,284.0,276.0,254.0,251.0,256.0,241.0,219.0,236.0,207.0,194.0,194.0,194.0,194.0,194.0,181.0,158.0,173.0,,,,Lower middle income,decreasing,-6.783116883116884,-0.9762802148875247,4.3689618461013854e-14,-42.14046822742475
"Iran, Islamic Rep.","Maternal mortality ratio (modeled estimate, per 100,000 live births)",44.0,42.0,41.0,41.0,38.0,30.0,30.0,29.0,33.0,37.0,32.0,26.0,23.0,23.0,21.0,20.0,20.0,18.0,17.0,21.0,22.0,,,,Upper middle income,decreasing,-1.3051948051948052,-0.9232261734540403,2.4879324547833953e-09,-50.0
Iraq,"Maternal mortality ratio (modeled estimate, per 100,000 live births)",117.0,115.0,112.0,118.0,118.0,116.0,122.0,128.0,131.0,126.0,115.0,111.0,111.0,110.0,98.0,102.0,85.0,78.0,72.0,73.0,76.0,,,,Upper middle income,decreasing,-2.416883116883117,-0.8024524099730338,1.2055776216233137e-05,-35.04273504273504
Ireland,"Maternal mortality ratio (modeled estimate, per 100,000 live births)",10.0,9.0,8.0,7.0,8.0,9.0,8.0,7.0,8.0,7.0,7.0,7.0,7.0,6.0,6.0,6.0,5.0,6.0,5.0,6.0,5.0,,,,High income,decreasing,-0.2,-0.9002923501782483,2.719339246315421e-08,-50.0
Isle of Man,"Maternal mortality ratio (modeled estimate, per 100,000 live births)",,,,,,,,,,,,,,,,,,,,,,,,,High income,decreasing,,,,
Israel,"Maternal mortality ratio (modeled estimate, per 100,000 live births)",9.0,7.0,6.0,5.0,4.0,4.0,4.0,4.0,3.0,3.0,3.0,3.0,3.0,3.0,3.0,3.0,3.0,3.0,3.0,3.0,3.0,,,,High income,decreasing,-0.19740259740259736,-0.7610153645142376,6.17618795930423e-05,-66.66666666666666
Italy,"Maternal mortality ratio (modeled estimate, per 100,000 live births)",10.0,10.0,9.0,9.0,8.0,8.0,7.0,7.0,7.0,7.0,7.0,7.0,7.0,7.0,6.0,7.0,6.0,6.0,5.0,5.0,5.0,,,,High income,decreasing,-0.2194805194805195,-0.9334310213556448,6.68292513501276e-10,-50.0
Jamaica,"Maternal mortality ratio (modeled estimate, per 100,000 live births)",83.0,87.0,87.0,86.0,82.0,86.0,94.0,92.0,96.0,95.0,88.0,80.0,83.0,90.0,101.0,97.0,98.0,101.0,91.0,93.0,99.0,,,,Upper middle income,increasing,0.6272727272727272,0.605705928691544,0.00361447804672144,19.27710843373494
Japan,"Maternal mortality ratio (modeled estimate, per 100,000 live births)",9.0,8.0,8.0,8.0,7.0,7.0,7.0,6.0,6.0,6.0,6.0,5.0,5.0,5.0,5.0,5.0,5.0,5.0,5.0,4.0,4.0,,,,High income,decreasing,-0.21688311688311687,-0.9515708134379769,3.4949781302767836e-11,-55.55555555555556
Jordan,"Maternal mortality ratio (modeled estimate, per 100,000 live births)",64.0,64.0,62.0,60.0,59.0,58.0,56.0,53.0,51.0,50.0,47.0,47.0,48.0,45.0,45.0,46.0,43.0,42.0,42.0,41.0,41.0,,,,Upper middle income,decreasing,-1.2415584415584417,-0.9765309229012298,3.953312156925417e-14,-35.9375
Kazakhstan,"Maternal mortality ratio (modeled estimate, per 100,000 live births)",56.0,52.0,49.0,42.0,36.0,36.0,31.0,28.0,26.0,23.0,20.0,17.0,14.0,13.0,13.0,13.0,13.0,13.0,14.0,14.0,13.0,,,,Upper middle income,decreasing,-2.1493506493506493,-0.925018005468924,2.002144417347709e-09,-76.78571428571429
Kenya,"Maternal mortality ratio (modeled estimate, per 100,000 live births)",564.0,567.0,536.0,525.0,504.0,503.0,493.0,494.0,484.0,464.0,476.0,473.0,477.0,516.0,507.0,483.0,505.0,490.0,512.0,503.0,530.0,,,,Lower middle income,decreasing,-1.7272727272727273,-0.3882654285889382,0.08198302218254817,-6.028368794326241
Kiribati,"Maternal mortality ratio (modeled estimate, per 100,000 live births)",116.0,118.0,113.0,114.0,116.0,118.0,116.0,118.0,128.0,127.0,131.0,129.0,131.0,119.0,120.0,121.0,117.0,112.0,110.0,108.0,76.0,,,,Lower middle income,decreasing,-0.6233766233766234,-0.335839014971185,0.13664680986457495,-34.48275862068966
"Korea, Dem. People's Rep.","Maternal mortality ratio (modeled estimate, per 100,000 live births)",186.0,172.0,188.0,123.0,131.0,122.0,131.0,138.0,139.0,131.0,130.0,120.0,108.0,96.0,85.0,108.0,109.0,108.0,107.0,106.0,107.0,,,,Low income,decreasing,-3.5350649350649346,-0.8012298457219466,1.27181687454274e-05,-42.473118279569896
"Korea, Rep.","Maternal mortality ratio (modeled estimate, per 100,000 live births)",16.0,15.0,17.0,13.0,13.0,12.0,11.0,10.0,9.0,9.0,8.0,10.0,9.0,7.0,6.0,6.0,6.0,6.0,6.0,6.0,8.0,,,,High income,decreasing,-0.5168831168831169,-0.9132348515020077,7.643917487567415e-09,-50.0
Kosovo,"Maternal mortality ratio (modeled estimate, per 100,000 live births)",,,,,,,,,,,,,,,,,,,,,,,,,Upper middle income,decreasing,,,,
Kuwait,"Maternal mortality ratio (modeled estimate, per 100,000 live births)",10.0,10.0,10.0,10.0,10.0,10.0,10.0,9.0,10.0,10.0,9.0,8.0,7.0,7.0,7.0,7.0,6.0,6.0,7.0,7.0,7.0,,,,High income,decreasing,-0.22597402597402602,-0.8944862817535233,4.548269192169021e-08,-30.0
Kyrgyz Republic,"Maternal mortality ratio (modeled estimate, per 100,000 live births)",87.0,86.0,85.0,84.0,85.0,83.0,78.0,84.0,78.0,71.0,72.0,66.0,62.0,66.0,60.0,61.0,53.0,53.0,54.0,47.0,50.0,,,,Lower middle income,decreasing,-2.144155844155845,-0.9744843165037805,8.678888412258911e-14,-42.5287356321839
Lao PDR,"Maternal mortality ratio (modeled estimate, per 100,000 live births)",579.0,562.0,530.0,509.0,471.0,442.0,417.0,366.0,361.0,330.0,284.0,271.0,246.0,234.0,189.0,184.0,167.0,166.0,165.0,153.0,126.0,,,,Lower middle income,decreasing,-23.692207792207792,-0.9851901092953049,5.153112254176122e-16,-78.23834196891191
Latvia,"Maternal mortality ratio (modeled estimate, per 100,000 live births)",32.0,32.0,28.0,34.0,31.0,28.0,26.0,25.0,22.0,23.0,25.0,24.0,23.0,21.0,22.0,22.0,21.0,22.0,23.0,22.0,18.0,,,,High income,decreasing,-0.6090909090909091,-0.8751868590523755,2.0750196520829123e-07,-43.75
Lebanon,"Maternal mortality ratio (modeled estimate, per 100,000 live births)",32.0,27.0,25.0,25.0,25.0,25.0,21.0,20.0,19.0,19.0,18.0,20.0,20.0,20.0,20.0,19.0,19.0,19.0,18.0,20.0,21.0,,,,Lower middle income,decreasing,-0.438961038961039,-0.7565226354154463,7.231436669178855e-05,-34.375
Lesotho,"Maternal mortality ratio (modeled estimate, per 100,000 live births)",545.0,575.0,590.0,610.0,555.0,563.0,632.0,703.0,874.0,1096.0,1040.0,1038.0,963.0,834.0,784.0,728.0,668.0,640.0,599.0,629.0,566.0,,,,Lower middle income,increasing,4.677922077922078,0.16219262189369524,0.48241700810429344,3.853211009174312
Liberia,"Maternal mortality ratio (modeled estimate, per 100,000 live births)",777.0,747.0,758.0,805.0,700.0,676.0,664.0,663.0,632.0,638.0,634.0,644.0,644.0,632.0,776.0,686.0,628.0,661.0,684.0,668.0,652.0,,,,Low income,decreasing,-4.620779220779224,-0.5211572127914206,0.015408282183942282,-16.08751608751609
Libya,"Maternal mortality ratio (modeled estimate, per 100,000 live births)",57.0,57.0,56.0,52.0,49.0,50.0,52.0,54.0,51.0,56.0,57.0,62.0,66.0,70.0,67.0,71.0,74.0,67.0,69.0,72.0,72.0,,,,Upper middle income,increasing,1.1597402597402597,0.8516124317183135,9.751519099271849e-07,26.31578947368421
Liechtenstein,"Maternal mortality ratio (modeled estimate, per 100,000 live births)",,,,,,,,,,,,,,,,,,,,,,,,,High income,decreasing,,,,
Lithuania,"Maternal mortality ratio (modeled estimate, per 100,000 live births)",18.0,18.0,14.0,13.0,12.0,11.0,13.0,12.0,11.0,10.0,10.0,9.0,8.0,8.0,9.0,8.0,8.0,8.0,8.0,7.0,9.0,,,,High income,decreasing,-0.44935064935064933,-0.8846433836020947,1.019954605218106e-07,-50.0
Luxembourg,"Maternal mortality ratio (modeled estimate, per 100,000 live births)",9.0,11.0,11.0,12.0,10.0,11.0,11.0,9.0,10.0,8.0,8.0,7.0,8.0,8.0,6.0,7.0,6.0,7.0,7.0,6.0,6.0,,,,High income,decreasing,-0.2779220779220779,-0.8775111291961031,1.7521063812709865e-07,-33.33333333333333
"Macao SAR, China","Maternal mortality ratio (modeled estimate, per 100,000 live births)",,,,,,,,,,,,,,,,,,,,,,,,,High income,decreasing,,,,
Madagascar,"Maternal mortality ratio (modeled estimate, per 100,000 live births)",658.0,627.0,637.0,626.0,598.0,568.0,537.0,521.0,526.0,507.0,497.0,484.0,476.0,455.0,467.0,482.0,447.0,423.0,423.0,398.0,392.0,,,,Low income,decreasing,-12.715584415584415,-0.9765002088778088,4.002259215737599e-14,-40.42553191489361
Malawi,"Maternal mortality ratio (modeled estimate, per 100,000 live births)",573.0,531.0,490.0,445.0,386.0,347.0,326.0,352.0,420.0,476.0,513.0,496.0,502.0,473.0,442.0,445.0,430.0,375.0,392.0,370.0,381.0,,,,Low income,decreasing,-3.7376623376623375,-0.3444492567098495,0.12625358605672554,-33.50785340314136
Malaysia,"Maternal mortality ratio (modeled estimate, per 100,000 live births)",40.0,36.0,36.0,32.0,33.0,32.0,32.0,28.0,30.0,30.0,25.0,24.0,24.0,23.0,23.0,22.0,22.0,22.0,22.0,22.0,21.0,,,,Upper middle income,decreasing,-0.8870129870129871,-0.9515156109715289,3.532242495792159e-11,-47.5
Maldives,"Maternal mortality ratio (modeled estimate, per 100,000 live births)",114.0,96.0,84.0,80.0,79.0,79.0,77.0,66.0,69.0,68.0,60.0,60.0,52.0,49.0,56.0,57.0,51.0,46.0,49.0,50.0,57.0,,,,Upper middle income,decreasing,-2.541558441558441,-0.8973427047454271,3.5448855701312025e-08,-50.0
Mali,"Maternal mortality ratio (modeled estimate, per 100,000 live births)",742.0,684.0,621.0,586.0,563.0,560.0,549.0,571.0,586.0,553.0,547.0,547.0,555.0,544.0,519.0,494.0,470.0,453.0,440.0,428.0,440.0,,,,Low income,decreasing,-11.506493506493506,-0.9149388173071813,6.374349656670991e-09,-40.700808625336926
Malta,"Maternal mortality ratio (modeled estimate, per 100,000 live births)",10.0,9.0,10.0,9.0,8.0,8.0,7.0,7.0,7.0,6.0,5.0,6.0,5.0,4.0,4.0,4.0,3.0,4.0,4.0,4.0,3.0,,,,High income,decreasing,-0.35454545454545455,-0.9603314165599676,5.433451529947248e-12,-70.0
Mauritania,"Maternal mortality ratio (modeled estimate, per 100,000 live births)",684.0,658.0,671.0,678.0,657.0,652.0,654.0,638.0,634.0,590.0,586.0,566.0,558.0,534.0,536.0,510.0,480.0,458.0,461.0,431.0,464.0,,,,Lower middle income,decreasing,-13.24025974025974,-0.9756056204200165,5.6877557439612e-14,-32.16374269005848
Mauritius,"Maternal mortality ratio (modeled estimate, per 100,000 live births)",52.0,50.0,48.0,47.0,46.0,48.0,43.0,43.0,45.0,49.0,55.0,42.0,47.0,48.0,51.0,57.0,52.0,46.0,50.0,49.0,84.0,,,,Upper middle income,increasing,0.5779220779220778,0.4154791890526995,0.06105749352023779,61.53846153846154
Mexico,"Maternal mortality ratio (modeled estimate, per 100,000 live births)",57.0,57.0,57.0,52.0,53.0,53.0,54.0,56.0,57.0,51.0,51.0,50.0,49.0,49.0,50.0,52.0,49.0,52.0,56.0,58.0,59.0,,,,Upper middle income,decreasing,-0.08051948051948055,-0.15162595629380074,0.5117594922653188,3.508771929824561
"Micronesia, Fed. Sts.","Maternal mortality ratio (modeled estimate, per 100,000 live births)",60.0,70.0,89.0,63.0,62.0,57.0,58.0,53.0,50.0,46.0,46.0,46.0,42.0,66.0,61.0,64.0,64.0,63.0,69.0,65.0,74.0,,,,Lower middle income,increasing,0.022077922077921783,0.012492527611156795,0.9571388916415811,23.333333333333332
Moldova,"Maternal mortality ratio (modeled estimate, per 100,000 live births)",49.0,44.0,40.0,34.0,28.0,30.0,27.0,23.0,21.0,19.0,18.0,18.0,18.0,17.0,18.0,17.0,15.0,15.0,14.0,12.0,12.0,,,,Lower middle income,decreasing,-1.5623376623376626,-0.9122856028476213,8.444296719734484e-09,-75.51020408163265
Monaco,"Maternal mortality ratio (modeled estimate, per 100,000 live births)",,,,,,,,,,,,,,,,,,,,,,,,,High income,decreasing,,,,
Mongolia,"Maternal mortality ratio (modeled estimate, per 100,000 live births)",158.0,144.0,136.0,109.0,101.0,94.0,94.0,80.0,79.0,70.0,65.0,61.0,58.0,52.0,49.0,47.0,47.0,48.0,42.0,40.0,39.0,,,,Lower middle income,decreasing,-5.427272727272728,-0.9409009426175384,2.2218331803277315e-10,-75.31645569620254
Montenegro,"Maternal mortality ratio (modeled estimate, per 100,000 live births)",11.0,9.0,9.0,9.0,9.0,10.0,9.0,8.0,8.0,8.0,7.0,7.0,7.0,6.0,6.0,6.0,6.0,5.0,5.0,6.0,6.0,,,,Upper middle income,decreasing,-0.2545454545454545,-0.9336156483226491,6.513660237824139e-10,-45.45454545454545
Morocco,"Maternal mortality ratio (modeled estimate, per 100,000 live births)",244.0,237.0,227.0,217.0,209.0,194.0,179.0,167.0,156.0,144.0,134.0,122.0,113.0,106.0,102.0,97.0,85.0,80.0,78.0,76.0,72.0,,,,Lower middle income,decreasing,-9.283116883116884,-0.9865143413067435,2.1273415669367605e-16,-70.49180327868852
Mozambique,"Maternal mortality ratio (modeled estimate, per 100,000 live births)",532.0,501.0,461.0,442.0,420.0,404.0,390.0,379.0,374.0,355.0,322.0,296.0,271.0,241.0,241.0,226.0,194.0,177.0,160.0,150.0,127.0,,,,Low income,decreasing,-19.47142857142857,-0.9960311587655052,1.982934968120042e-21,-76.12781954887218
Myanmar,"Maternal mortality ratio (modeled estimate, per 100,000 live births)",371.0,323.0,319.0,316.0,326.0,321.0,332.0,318.0,290.0,280.0,293.0,279.0,285.0,268.0,262.0,243.0,242.0,238.0,215.0,213.0,179.0,,,,Lower middle income,decreasing,-7.302597402597401,-0.9542404832836376,2.060858439278115e-11,-51.75202156334232
Namibia,"Maternal mortality ratio (modeled estimate, per 100,000 live births)",450.0,450.0,447.0,451.0,402.0,419.0,420.0,427.0,433.0,459.0,482.0,414.0,362.0,334.0,306.0,299.0,246.0,228.0,218.0,223.0,215.0,,,,Upper middle income,decreasing,-13.3038961038961,-0.8818133463025877,1.2694283741514452e-07,-52.22222222222223
Nepal,"Maternal mortality ratio (modeled estimate, per 100,000 live births)",504.0,484.0,466.0,438.0,392.0,380.0,358.0,355.0,344.0,338.0,349.0,295.0,288.0,261.0,253.0,252.0,224.0,223.0,201.0,182.0,174.0,,,,Low income,decreasing,-15.776623376623375,-0.9876060037240736,9.580598191578238e-17,-65.47619047619048
Netherlands,"Maternal mortality ratio (modeled estimate, per 100,000 live births)",13.0,13.0,13.0,12.0,11.0,10.0,9.0,8.0,8.0,7.0,6.0,6.0,6.0,6.0,5.0,5.0,5.0,5.0,4.0,4.0,4.0,,,,High income,decreasing,-0.49350649350649345,-0.9612606372429737,4.35369984906017e-12,-69.23076923076923
New Caledonia,"Maternal mortality ratio (modeled estimate, per 100,000 live births)",,,,,,,,,,,,,,,,,,,,,,,,,High income,decreasing,,,,
New Zealand,"Maternal mortality ratio (modeled estimate, per 100,000 live births)",11.0,11.0,10.0,10.0,12.0,10.0,11.0,10.0,10.0,10.0,10.0,10.0,10.0,8.0,8.0,9.0,8.0,7.0,8.0,7.0,7.0,,,,High income,decreasing,-0.20779220779220783,-0.8797940056860131,1.478961766163538e-07,-36.36363636363637
Nicaragua,"Maternal mortality ratio (modeled estimate, per 100,000 live births)",169.0,174.0,164.0,166.0,166.0,158.0,135.0,125.0,112.0,104.0,98.0,95.0,92.0,91.0,81.0,79.0,77.0,76.0,74.0,75.0,78.0,,,,Lower middle income,decreasing,-5.775324675324676,-0.9525080056382745,2.9135162843632486e-11,-53.84615384615385
Niger,"Maternal mortality ratio (modeled estimate, per 100,000 live births)",867.0,878.0,871.0,863.0,801.0,768.0,735.0,704.0,673.0,644.0,594.0,576.0,561.0,536.0,513.0,491.0,468.0,433.0,432.0,410.0,441.0,,,,Low income,decreasing,-26.053246753246754,-0.9874435589003062,1.0835384820148517e-16,-49.13494809688581
Nigeria,"Maternal mortality ratio (modeled estimate, per 100,000 live births)",1148.0,1127.0,1112.0,1084.0,1088.0,1073.0,1071.0,1081.0,1099.0,1101.0,1123.0,1070.0,1087.0,1109.0,1135.0,1113.0,1129.0,1127.0,1135.0,1122.0,1047.0,,,,Lower middle income,increasing,0.20909090909090908,0.048420012470625225,0.8348986134976756,-8.797909407665506
North Macedonia,"Maternal mortality ratio (modeled estimate, per 100,000 live births)",12.0,12.0,11.0,10.0,9.0,9.0,8.0,8.0,7.0,7.0,6.0,5.0,5.0,4.0,5.0,5.0,3.0,3.0,3.0,3.0,3.0,,,,Upper middle income,decreasing,-0.4805194805194805,-0.9746972340815896,8.021415816441772e-14,-75.0
Northern Mariana Islands,"Maternal mortality ratio (modeled estimate, per 100,000 live births)",,,,,,,,,,,,,,,,,,,,,,,,,High income,decreasing,,,,
Norway,"Maternal mortality ratio (modeled estimate, per 100,000 live births)",6.0,5.0,5.0,5.0,6.0,6.0,5.0,5.0,5.0,4.0,4.0,4.0,3.0,3.0,3.0,2.0,2.0,2.0,2.0,2.0,2.0,,,,High income,decreasing,-0.22597402597402597,-0.939237899665379,2.8731522465209536e-10,-66.66666666666666
Oman,"Maternal mortality ratio (modeled estimate, per 100,000 live births)",20.0,20.0,22.0,20.0,20.0,20.0,21.0,22.0,21.0,21.0,18.0,17.0,17.0,16.0,16.0,15.0,15.0,15.0,16.0,16.0,17.0,,,,High income,decreasing,-0.32987012987012987,-0.8264661526793232,3.8897973872854835e-06,-15.0
Pakistan,"Maternal mortality ratio (modeled estimate, per 100,000 live births)",387.0,373.0,359.0,349.0,334.0,301.0,270.0,253.0,241.0,243.0,230.0,217.0,216.0,206.0,210.0,187.0,188.0,177.0,178.0,179.0,154.0,,,,Lower middle income,decreasing,-11.209090909090909,-0.9619996228962792,3.636213915199569e-12,-60.20671834625323
Panama,"Maternal mortality ratio (modeled estimate, per 100,000 live births)",66.0,64.0,62.0,62.0,59.0,53.0,54.0,54.0,53.0,54.0,55.0,54.0,53.0,52.0,50.0,49.0,49.0,49.0,47.0,51.0,50.0,,,,Upper middle income,decreasing,-0.7662337662337663,-0.8919146135503212,5.658508212632881e-08,-24.242424242424242
Papua New Guinea,"Maternal mortality ratio (modeled estimate, per 100,000 live births)",312.0,316.0,325.0,329.0,310.0,314.0,323.0,336.0,292.0,289.0,289.0,262.0,255.0,233.0,229.0,208.0,209.0,210.0,199.0,190.0,192.0,,,,Lower middle income,decreasing,-7.918181818181818,-0.9436739643561637,1.4229162734350295e-10,-38.46153846153847
Paraguay,"Maternal mortality ratio (modeled estimate, per 100,000 live births)",148.0,147.0,132.0,130.0,127.0,127.0,114.0,110.0,107.0,104.0,100.0,99.0,85.0,81.0,77.0,80.0,69.0,69.0,70.0,70.0,71.0,,,,Upper middle income,decreasing,-4.224675324675324,-0.9795991918133331,1.05698951935396e-14,-52.02702702702703
Peru,"Maternal mortality ratio (modeled estimate, per 100,000 live births)",113.0,106.0,102.0,98.0,101.0,97.0,90.0,87.0,84.0,80.0,76.0,73.0,72.0,71.0,65.0,65.0,62.0,61.0,63.0,72.0,69.0,,,,Upper middle income,decreasing,-2.4545454545454546,-0.9398147788936358,2.630203791930486e-10,-38.93805309734513
Philippines,"Maternal mortality ratio (modeled estimate, per 100,000 live births)",129.0,136.0,126.0,125.0,125.0,122.0,121.0,117.0,107.0,105.0,105.0,108.0,104.0,103.0,89.0,88.0,86.0,84.0,82.0,81.0,78.0,,,,Lower middle income,decreasing,-2.884415584415585,-0.9812236647618162,4.835694991415876e-15,-39.53488372093023
Poland,"Maternal mortality ratio (modeled estimate, per 100,000 live births)",8.0,7.0,6.0,6.0,5.0,5.0,4.0,4.0,3.0,3.0,3.0,3.0,2.0,2.0,2.0,2.0,2.0,2.0,2.0,2.0,2.0,,,,High income,decreasing,-0.2779220779220779,-0.9143295574424998,6.804979176062787e-09,-75.0
Portugal,"Maternal mortality ratio (modeled estimate, per 100,000 live births)",11.0,9.0,9.0,9.0,9.0,9.0,9.0,9.0,9.0,10.0,10.0,9.0,10.0,9.0,9.0,10.0,11.0,11.0,11.0,11.0,12.0,,,,High income,increasing,0.09870129870129869,0.6244349380833762,0.0024797369118610534,9.090909090909092
Puerto Rico,"Maternal mortality ratio (modeled estimate, per 100,000 live births)",22.0,22.0,23.0,20.0,20.0,20.0,20.0,21.0,22.0,22.0,21.0,21.0,18.0,18.0,18.0,18.0,18.0,16.0,18.0,21.0,34.0,,,,High income,decreasing,-0.006493506493506494,-0.011240828415432426,0.9614301505272986,54.54545454545454
Qatar,"Maternal mortality ratio (modeled estimate, per 100,000 live births)",28.0,23.0,25.0,24.0,23.0,19.0,15.0,14.0,12.0,11.0,10.0,10.0,10.0,9.0,7.0,7.0,7.0,6.0,6.0,7.0,8.0,,,,High income,decreasing,-1.077922077922078,-0.9261908577528802,1.7316983934920803e-09,-71.42857142857143
Romania,"Maternal mortality ratio (modeled estimate, per 100,000 live births)",50.0,48.0,47.0,48.0,46.0,37.0,31.0,26.0,23.0,21.0,22.0,19.0,18.0,17.0,15.0,15.0,16.0,13.0,11.0,10.0,10.0,,,,Upper middle income,decreasing,-2.1662337662337663,-0.9477609296078959,7.069409385880702e-11,-80.0
Russian Federation,"Maternal mortality ratio (modeled estimate, per 100,000 live births)",52.0,44.0,48.0,42.0,35.0,31.0,27.0,22.0,19.0,19.0,17.0,14.0,12.0,11.0,10.0,10.0,8.0,9.0,9.0,7.0,14.0,,,,Upper middle income,decreasing,-2.133766233766234,-0.9164861114668015,5.387332042816536e-09,-73.07692307692307
Rwanda,"Maternal mortality ratio (modeled estimate, per 100,000 live births)",1007.0,895.0,818.0,715.0,599.0,533.0,483.0,465.0,432.0,401.0,386.0,368.0,328.0,323.0,307.0,312.0,292.0,275.0,281.0,281.0,259.0,,,,Low income,decreasing,-32.07792207792207,-0.9023947335955771,2.239757686462694e-08,-74.28003972194638
Samoa,"Maternal mortality ratio (modeled estimate, per 100,000 live births)",75.0,73.0,67.0,64.0,62.0,62.0,58.0,59.0,59.0,62.0,62.0,59.0,63.0,58.0,60.0,58.0,57.0,59.0,58.0,66.0,59.0,,,,Lower middle income,decreasing,-0.4805194805194805,-0.6125682292947806,0.0031568586084282104,-21.333333333333336
San Marino,"Maternal mortality ratio (modeled estimate, per 100,000 live births)",,,,,,,,,,,,,,,,,,,,,,,,,High income,decreasing,,,,
Sao Tome and Principe,"Maternal mortality ratio (modeled estimate, per 100,000 live births)",179.0,182.0,170.0,166.0,159.0,160.0,162.0,149.0,150.0,157.0,160.0,183.0,160.0,158.0,144.0,139.0,164.0,144.0,149.0,142.0,146.0,,,,Lower middle income,decreasing,-1.4103896103896096,-0.6819228171580168,0.0006621464297598979,-18.435754189944134
Saudi Arabia,"Maternal mortality ratio (modeled estimate, per 100,000 live births)",22.0,21.0,21.0,20.0,18.0,17.0,17.0,17.0,16.0,17.0,15.0,15.0,15.0,14.0,15.0,16.0,16.0,16.0,17.0,18.0,16.0,,,,High income,decreasing,-0.24025974025974034,-0.6741177980891981,0.0008052680657632517,-27.27272727272727
Senegal,"Maternal mortality ratio (modeled estimate, per 100,000 live births)",638.0,596.0,598.0,565.0,550.0,519.0,490.0,477.0,491.0,471.0,450.0,417.0,394.0,353.0,346.0,321.0,280.0,278.0,277.0,258.0,261.0,,,,Lower middle income,decreasing,-19.733766233766236,-0.9920332791721556,1.4637473231913583e-18,-59.09090909090909
Serbia,"Maternal mortality ratio (modeled estimate, per 100,000 live births)",18.0,15.0,15.0,14.0,15.0,16.0,16.0,15.0,15.0,15.0,14.0,14.0,13.0,13.0,13.0,13.0,12.0,12.0,11.0,10.0,10.0,,,,Upper middle income,decreasing,-0.2948051948051948,-0.9044375028318612,1.8471049439360042e-08,-44.44444444444444
Sierra Leone,"Maternal mortality ratio (modeled estimate, per 100,000 live births)",1682.0,1610.0,1493.0,1451.0,1367.0,1327.0,1225.0,1125.0,973.0,901.0,837.0,728.0,667.0,632.0,618.0,588.0,505.0,520.0,460.0,435.0,443.0,,,,Low income,decreasing,-66.62987012987013,-0.9790881983476655,1.3343771643664086e-14,-73.66230677764565
Singapore,"Maternal mortality ratio (modeled estimate, per 100,000 live births)",15.0,16.0,14.0,14.0,14.0,13.0,12.0,11.0,11.0,8.0,8.0,8.0,8.0,7.0,8.0,8.0,7.0,7.0,7.0,6.0,7.0,,,,High income,decreasing,-0.48831168831168836,-0.937386771151813,3.793164458293232e-10,-53.333333333333336
Sint Maarten (Dutch part),"Maternal mortality ratio (modeled estimate, per 100,000 live births)",,,,,,,,,,,,,,,,,,,,,,,,,High income,decreasing,,,,
Slovak Republic,"Maternal mortality ratio (modeled estimate, per 100,000 live births)",9.0,9.0,9.0,8.0,8.0,7.0,7.0,7.0,6.0,5.0,5.0,5.0,5.0,5.0,5.0,5.0,5.0,5.0,5.0,5.0,5.0,,,,High income,decreasing,-0.22467532467532472,-0.8884850375983965,7.508914817091975e-08,-44.44444444444444
Slovenia,"Maternal mortality ratio (modeled estimate, per 100,000 live births)",12.0,9.0,8.0,9.0,10.0,9.0,8.0,7.0,6.0,7.0,6.0,6.0,6.0,5.0,5.0,5.0,5.0,4.0,4.0,3.0,5.0,,,,High income,decreasing,-0.3376623376623377,-0.9234423501848272,2.4242530264485226e-09,-58.333333333333336
Solomon Islands,"Maternal mortality ratio (modeled estimate, per 100,000 live births)",150.0,157.0,152.0,157.0,159.0,153.0,147.0,155.0,152.0,146.0,147.0,141.0,142.0,138.0,140.0,141.0,133.0,133.0,127.0,127.0,122.0,,,,Lower middle income,decreasing,-1.6077922077922084,-0.9247014992191627,2.081269765928765e-09,-18.666666666666668
Somalia,"Maternal mortality ratio (modeled estimate, per 100,000 live births)",1097.0,1084.0,1087.0,1094.0,1102.0,1080.0,1068.0,1062.0,1015.0,951.0,963.0,940.0,863.0,828.0,793.0,761.0,711.0,683.0,651.0,606.0,621.0,,,,Low income,decreasing,-27.902597402597408,-0.9681884339916734,6.881947640520431e-13,-43.39106654512307
South Africa,"Maternal mortality ratio (modeled estimate, per 100,000 live births)",173.0,168.0,193.0,205.0,232.0,221.0,208.0,218.0,216.0,225.0,219.0,194.0,164.0,151.0,141.0,141.0,127.0,133.0,125.0,118.0,127.0,,,,Upper middle income,decreasing,-4.664935064935066,-0.7333110998317753,0.00015544120650686503,-26.589595375722542
South Sudan,"Maternal mortality ratio (modeled estimate, per 100,000 live births)",1687.0,1654.0,1668.0,1404.0,1372.0,1332.0,1301.0,1187.0,1138.0,1118.0,1060.0,1062.0,1067.0,1131.0,1172.0,1225.0,1288.0,1252.0,1275.0,1245.0,1223.0,,,,Low income,decreasing,-18.76623376623377,-0.6130092918261092,0.003129184585836786,-27.504445761707174
Spain,"Maternal mortality ratio (modeled estimate, per 100,000 live births)",5.0,5.0,5.0,5.0,5.0,4.0,4.0,4.0,4.0,4.0,4.0,4.0,4.0,4.0,4.0,4.0,4.0,4.0,4.0,3.0,3.0,,,,High income,decreasing,-0.07662337662337662,-0.8294242967454114,3.3443537963041257e-06,-40.0
Sri Lanka,"Maternal mortality ratio (modeled estimate, per 100,000 live births)",61.0,55.0,52.0,50.0,48.0,44.0,41.0,39.0,40.0,39.0,37.0,36.0,35.0,33.0,30.0,30.0,30.0,31.0,30.0,30.0,29.0,,,,Lower middle income,decreasing,-1.4376623376623376,-0.9469104408788916,8.214112685195596e-11,-52.459016393442624
St. Kitts and Nevis,"Maternal mortality ratio (modeled estimate, per 100,000 live births)",,,,,,,,,,,,,,,,,,,,,,,,,Upper middle income,decreasing,,,,
St. Lucia,"Maternal mortality ratio (modeled estimate, per 100,000 live births)",87.0,80.0,67.0,67.0,83.0,82.0,79.0,80.0,80.0,80.0,73.0,74.0,75.0,74.0,72.0,80.0,64.0,64.0,61.0,72.0,73.0,,,,Upper middle income,decreasing,-0.6064935064935064,-0.5351602251587458,0.012423411355514327,-16.091954022988507
St. Vincent and the Grenadines,"Maternal mortality ratio (modeled estimate, per 100,000 live births)",76.0,63.0,61.0,61.0,53.0,54.0,50.0,47.0,39.0,45.0,45.0,45.0,45.0,45.0,40.0,36.0,35.0,35.0,60.0,65.0,62.0,,,,Upper middle income,decreasing,-0.7064935064935064,-0.3863250538011435,0.08365628527771374,-18.421052631578945
Sudan,"Maternal mortality ratio (modeled estimate, per 100,000 live births)",642.0,636.0,624.0,598.0,564.0,525.0,499.0,443.0,450.0,394.0,383.0,354.0,330.0,323.0,301.0,298.0,301.0,290.0,293.0,298.0,270.0,,,,Low income,decreasing,-20.403896103896102,-0.9622666007488347,3.4041893897002e-12,-57.943925233644855
Suriname,"Maternal mortality ratio (modeled estimate, per 100,000 live births)",278.0,274.0,260.0,250.0,229.0,190.0,192.0,181.0,169.0,153.0,138.0,131.0,131.0,133.0,135.0,125.0,105.0,99.0,98.0,100.0,96.0,,,,Upper middle income,decreasing,-9.451948051948055,-0.9592389089718377,7.00344131231745e-12,-65.46762589928058
Sweden,"Maternal mortality ratio (modeled estimate, per 100,000 live births)",6.0,6.0,6.0,6.0,5.0,5.0,5.0,5.0,5.0,5.0,5.0,5.0,5.0,5.0,5.0,4.0,4.0,5.0,5.0,5.0,5.0,,,,High income,decreasing,-0.05844155844155844,-0.6728168869300929,0.0008315094346363852,-16.666666666666664
Switzerland,"Maternal mortality ratio (modeled estimate, per 100,000 live births)",8.0,9.0,9.0,9.0,9.0,9.0,9.0,8.0,8.0,8.0,8.0,8.0,7.0,7.0,7.0,6.0,8.0,6.0,7.0,7.0,7.0,,,,High income,decreasing,-0.1285714285714286,-0.8134086693454506,7.339568341214433e-06,-12.5
Syrian Arab Republic,"Maternal mortality ratio (modeled estimate, per 100,000 live births)",34.0,29.0,26.0,24.0,25.0,23.0,21.0,21.0,22.0,20.0,21.0,24.0,26.0,29.0,29.0,30.0,29.0,31.0,31.0,33.0,30.0,,,,Low income,increasing,0.27532467532467536,0.3976429286145728,0.07424565185723409,-11.76470588235294
Tajikistan,"Maternal mortality ratio (modeled estimate, per 100,000 live births)",68.0,60.0,55.0,49.0,47.0,44.0,41.0,39.0,35.0,31.0,32.0,29.0,27.0,24.0,22.0,20.0,20.0,18.0,17.0,16.0,17.0,,,,Low income,decreasing,-2.4000000000000004,-0.9690971952429839,5.244104234801396e-13,-75.0
Tanzania,"Maternal mortality ratio (modeled estimate, per 100,000 live births)",760.0,707.0,672.0,625.0,588.0,559.0,547.0,566.0,605.0,556.0,486.0,458.0,394.0,380.0,352.0,330.0,298.0,280.0,267.0,262.0,238.0,,,,Lower middle income,decreasing,-25.484415584415583,-0.9813029725240676,4.646531461836382e-15,-68.6842105263158
Thailand,"Maternal mortality ratio (modeled estimate, per 100,000 live births)",48.0,48.0,40.0,40.0,42.0,40.0,38.0,38.0,37.0,37.0,35.0,34.0,32.0,31.0,31.0,30.0,29.0,29.0,29.0,29.0,29.0,,,,Upper middle income,decreasing,-0.9298701298701297,-0.9555050477896629,1.5870085601497585e-11,-39.58333333333333
Timor-Leste,"Maternal mortality ratio (modeled estimate, per 100,000 live births)",750.0,736.0,685.0,650.0,624.0,584.0,547.0,486.0,451.0,416.0,376.0,358.0,322.0,309.0,283.0,285.0,262.0,256.0,249.0,224.0,204.0,,,,Lower middle income,decreasing,-28.420779220779217,-0.9781539176317038,2.0138833850898872e-14,-72.8
Togo,"Maternal mortality ratio (modeled estimate, per 100,000 live births)",479.0,479.0,461.0,458.0,490.0,494.0,517.0,515.0,528.0,518.0,530.0,500.0,511.0,493.0,491.0,441.0,439.0,425.0,435.0,418.0,399.0,,,,Low income,decreasing,-3.351948051948052,-0.5358743652742043,0.012284800949351133,-16.701461377870565
Trinidad and Tobago,"Maternal mortality ratio (modeled estimate, per 100,000 live births)",74.0,67.0,58.0,65.0,57.0,56.0,56.0,54.0,54.0,45.0,47.0,44.0,41.0,37.0,35.0,31.0,29.0,28.0,28.0,26.0,27.0,,,,High income,decreasing,-2.3285714285714287,-0.9816513948525621,3.891391720353655e-15,-63.51351351351351
Tunisia,"Maternal mortality ratio (modeled estimate, per 100,000 live births)",62.0,62.0,61.0,60.0,58.0,56.0,55.0,53.0,50.0,47.0,44.0,46.0,43.0,42.0,41.0,40.0,38.0,38.0,39.0,40.0,37.0,,,,Lower middle income,decreasing,-1.405194805194805,-0.9726168503968464,1.6855212609516841e-13,-40.32258064516129
Turkiye,"Maternal mortality ratio (modeled estimate, per 100,000 live births)",32.0,30.0,29.0,28.0,27.0,25.0,24.0,23.0,23.0,22.0,22.0,23.0,21.0,20.0,19.0,19.0,20.0,17.0,17.0,17.0,17.0,,,,Upper middle income,decreasing,-0.7064935064935062,-0.9694315877983671,4.735320644638481e-13,-46.875
Turkmenistan,"Maternal mortality ratio (modeled estimate, per 100,000 live births)",26.0,25.0,22.0,20.0,18.0,17.0,15.0,13.0,11.0,10.0,9.0,8.0,7.0,7.0,6.0,6.0,6.0,5.0,5.0,5.0,5.0,,,,Upper middle income,decreasing,-1.0675324675324676,-0.9451648038440237,1.1093167366135578e-10,-80.76923076923077
Turks and Caicos Islands,"Maternal mortality ratio (modeled estimate, per 100,000 live births)",,,,,,,,,,,,,,,,,,,,,,,,,High income,decreasing,,,,
Tuvalu,"Maternal mortality ratio (modeled estimate, per 100,000 live births)",,,,,,,,,,,,,,,,,,,,,,,,,Upper middle income,decreasing,,,,
Uganda,"Maternal mortality ratio (modeled estimate, per 100,000 live births)",461.0,453.0,453.0,449.0,442.0,435.0,416.0,382.0,391.0,391.0,372.0,359.0,334.0,311.0,332.0,319.0,311.0,313.0,283.0,292.0,284.0,,,,Low income,decreasing,-9.85974025974026,-0.9823514121805437,2.6964879295112953e-15,-38.39479392624729
Ukraine,"Maternal mortality ratio (modeled estimate, per 100,000 live births)",36.0,32.0,28.0,25.0,22.0,21.0,23.0,21.0,19.0,17.0,17.0,15.0,17.0,16.0,12.0,11.0,10.0,11.0,11.0,9.0,17.0,,,,Lower middle income,decreasing,-1.0623376623376624,-0.9023949581983051,2.2397107409463264e-08,-52.77777777777778
United Arab Emirates,"Maternal mortality ratio (modeled estimate, per 100,000 live births)",22.0,19.0,18.0,13.0,13.0,13.0,12.0,11.0,10.0,9.0,9.0,10.0,9.0,9.0,9.0,9.0,8.0,9.0,9.0,9.0,9.0,,,,High income,decreasing,-0.5051948051948053,-0.8162595691027571,6.416609740758924e-06,-59.09090909090909
United Kingdom,"Maternal mortality ratio (modeled estimate, per 100,000 live births)",11.0,11.0,11.0,11.0,11.0,11.0,11.0,11.0,11.0,10.0,10.0,9.0,8.0,8.0,8.0,8.0,9.0,9.0,9.0,9.0,10.0,,,,High income,decreasing,-0.14675324675324675,-0.7531102226122154,8.13398334846835e-05,-9.090909090909092
United States,"Maternal mortality ratio (modeled estimate, per 100,000 live births)",12.0,13.0,13.0,13.0,13.0,13.0,13.0,13.0,14.0,15.0,14.0,15.0,16.0,16.0,17.0,17.0,18.0,19.0,19.0,20.0,21.0,,,,High income,increasing,0.41818181818181815,0.9566232167459137,1.2516254531269389e-11,75.0
Uzbekistan,"Maternal mortality ratio (modeled estimate, per 100,000 live births)",43.0,40.0,41.0,43.0,42.0,45.0,44.0,41.0,38.0,38.0,38.0,37.0,36.0,34.0,32.0,31.0,30.0,30.0,31.0,30.0,30.0,,,,Lower middle income,decreasing,-0.7883116883116883,-0.9272201786308673,1.5216108345658156e-09,-30.23255813953488
Vanuatu,"Maternal mortality ratio (modeled estimate, per 100,000 live births)",109.0,98.0,96.0,97.0,97.0,98.0,97.0,98.0,86.0,88.0,93.0,95.0,87.0,87.0,92.0,92.0,94.0,94.0,97.0,93.0,94.0,,,,Lower middle income,decreasing,-0.3896103896103897,-0.47458295670955064,0.029720249263420116,-13.761467889908257
Viet Nam,"Maternal mortality ratio (modeled estimate, per 100,000 live births)",88.0,76.0,72.0,70.0,67.0,66.0,66.0,64.0,62.0,61.0,60.0,58.0,56.0,54.0,53.0,52.0,51.0,52.0,51.0,50.0,46.0,,,,Lower middle income,decreasing,-1.5727272727272723,-0.9509115871853273,3.963718438236684e-11,-47.72727272727273
Virgin Islands (U.S.),"Maternal mortality ratio (modeled estimate, per 100,000 live births)",,,,,,,,,,,,,,,,,,,,,,,,,High income,decreasing,,,,
West Bank and Gaza,"Maternal mortality ratio (modeled estimate, per 100,000 live births)",62.0,64.0,64.0,60.0,60.0,54.0,54.0,51.0,50.0,47.0,43.0,41.0,36.0,32.0,30.0,26.0,24.0,22.0,21.0,20.0,20.0,,,,Lower middle income,decreasing,-2.557142857142858,-0.9892582340770474,2.4767169037480593e-17,-67.74193548387096
"Yemen, Rep.","Maternal mortality ratio (modeled estimate, per 100,000 live births)",275.0,266.0,241.0,222.0,210.0,196.0,183.0,168.0,168.0,155.0,157.0,155.0,158.0,151.0,156.0,164.0,172.0,179.0,176.0,181.0,183.0,,,,Low income,decreasing,-3.99090909090909,-0.6802230475453999,0.0006913124690867739,-33.45454545454545
Zambia,"Maternal mortality ratio (modeled estimate, per 100,000 live births)",419.0,363.0,337.0,308.0,312.0,309.0,306.0,296.0,320.0,327.0,268.0,233.0,221.0,191.0,169.0,166.0,155.0,156.0,145.0,129.0,135.0,,,,Lower middle income,decreasing,-13.45194805194805,-0.9607188515847935,4.957238557511581e-12,-67.78042959427208
Zimbabwe,"Maternal mortality ratio (modeled estimate, per 100,000 live births)",388.0,589.0,443.0,534.0,488.0,533.0,558.0,656.0,685.0,670.0,618.0,562.0,528.0,495.0,441.0,408.0,400.0,366.0,359.0,393.0,357.0,,,,Lower middle income,decreasing,-8.374025974025974,-0.4875600591159188,0.024963284794645726,-7.989690721649484
